customer_id,first_name,last_name,email,city,state,created_at
1,Ashley,Smith,amandacastillo@example.com,East Melissa,NV,2024-05-07 03:34:13
2,Abigail,Cobb,awoodard@example.org,Sampsonmouth,NY,2023-08-26 04:35:10
3,Yvette,Morrow,austinjeffrey@example.net,East Joshua,NY,2024-01-05 22:20:05
4,Edward,Estrada,hburns@example.net,Catherinetown,ND,2023-04-28 22:15:15
5,Vickie,Allen,earl55@example.com,Christinemouth,SC,2023-09-24 14:15:40
6,Emily,Moss,fbailey@example.net,Danastad,MP,2024-01-29 17:44:07
6,Emily,Moss,fbailey@example.net,Margaretville,NV,2025-02-04 00:48:10
7,Jaclyn,Wilson,michaelballard@example.org,Christinaburgh,NY,2023-11-14 21:59:51
8,Hayley,Nguyen,nicholasfranklin@example.com,Lake Aprilmouth,GA,2024-08-16 13:40:15
8,Hayley,Nguyen,nicholasfranklin@example.com,South Jamesborough,AR,2025-03-20 11:41:22
9,David,Bowen,nmitchell@example.net,Moyerville,AS,2023-03-28 09:46:36
10,Nicholas,Avery,philip59@example.net,Batesmouth,WV,2022-08-30 22:47:02
11,Olivia,Avila,kpennington@example.com,North Steven,HI,2023-12-17 11:23:28
12,Amy,Rhodes,rothcarla@example.net,Millerport,TN,2023-12-23 11:58:43
13,Kristen,Reyes,michaelvega@example.com,Nguyenton,LA,2023-04-27 01:39:33
14,Timothy,Smith,sklein@example.org,Owenburgh,SC,2023-01-07 06:36:46
15,Kyle,Nelson,gmiller@example.com,Stevensonmouth,AR,2023-11-28 01:01:05
16,Brent,Thornton,nrobertson@example.org,Matthewchester,PA,2024-04-11 01:41:43
17,David,Wood,adrianbolton@example.com,Lake Christopher,MH,2024-01-03 21:25:07
18,Dana,Mejia,jmartin@example.net,South Monica,VA,2023-09-01 12:22:33
19,Brittany,Hughes,jessicahall@example.org,Becktown,NV,2023-06-14 21:01:58
20,Cynthia,Jones,timothyjohnson@example.net,Lake Jacqueline,IA,2023-04-21 03:43:30
21,Denise,Case,jrichardson@example.net,East Tabitha,WA,2022-11-22 23:15:30
22,Christina,Smith,bendertanner@example.com,Kingchester,CO,2023-08-21 12:56:02
22,Christina,Smith,bendertanner@example.com,Port Seanborough,FL,2024-11-14 17:08:08
23,Colleen,Roy,donald93@example.com,West Garytown,NH,2022-10-01 07:07:53
24,Kelly,Robertson,davenportanna@example.net,Sharonview,PW,2023-01-30 14:23:59
25,Allison,Juarez,megan99@example.com,New Christineview,DC,2024-01-08 02:19:20
26,David,Sims,annscott@example.com,Kevinton,KS,2022-11-13 13:04:46
27,Sean,Marshall,cynthia50@example.org,Lloydside,IN,2023-05-08 16:42:43
28,Rachel,Rodgers,watsonamanda@example.com,Nathanielport,GU,2024-03-16 15:42:52
29,Barbara,Doyle,richard46@example.com,Lake Zacharyborough,OH,2023-05-12 05:41:16
30,Michael,Walker,stacey86@example.net,Gordonmouth,GA,2023-03-29 14:06:07
31,Brandon,Myers,qleon@example.com,West Gloriafort,TX,2023-08-26 05:33:45
32,Melinda,Smith,brittanyalvarado@example.net,Chadstad,GA,2024-07-27 12:28:06
33,Brenda,Gutierrez,aaronsnyder@example.com,Krystalville,AL,2023-03-13 15:17:03
34,Samantha,Case,lynchkelly@example.org,Donaldbury,WY,2023-12-21 08:06:03
35,Joseph,Tyler,nicholas11@example.net,West Thomasborough,PW,2023-10-20 19:39:43
36,Holly,Romero,foconnor@example.com,Lake Justin,WI,2022-09-19 05:27:42
37,Anthony,Bolton,chelsea35@example.org,Williamsfurt,MT,2022-12-13 18:48:02
38,Matthew,Braun,christopherpetersen@example.org,East Amandaport,KY,2023-11-17 06:53:57
39,David,Oconnor,gordon20@example.com,Nicoleton,MT,2023-09-03 13:09:44
40,Francisco,Newton,jeff66@example.org,Rodneyfort,AK,2024-05-12 20:11:53
41,Jennifer,Robinson,banksandrew@example.net,Ashleybury,OH,2024-05-06 14:33:55
42,George,Howard,ffleming@example.org,Lake Charlesland,IA,2024-06-23 14:05:58
43,Pamela,Bell,david50@example.net,Fletchermouth,CT,2023-08-15 00:14:05
44,Gregory,Goodman,kbrown@example.org,Roweton,PA,2023-12-22 11:57:30
45,Eric,Wise,thomaskristy@example.net,Juliaborough,WI,2022-10-19 23:13:03
46,Jill,Gillespie,narroyo@example.com,Halemouth,WV,2023-04-13 19:28:00
47,Erin,Barton,jimmybrown@example.org,Jerryberg,VA,2023-08-10 13:11:26
48,Destiny,Sanchez,ovelazquez@example.org,Catherineberg,DE,2024-04-18 21:34:03
49,Isabel,Gray,dyang@example.net,Port Kevinview,VT,2022-10-04 00:39:14
50,Christopher,Barrett,markhurley@example.com,North Laura,LA,2023-05-29 17:19:08
51,Tonya,Cruz,sheilamoreno@example.org,Port Davidshire,PW,2023-05-20 01:32:39
52,Charlene,Rubio,rwong@example.com,South Angelberg,MN,2023-06-26 03:10:13
53,Michelle,Hayes,wendyrusso@example.org,West Robert,RI,2023-12-03 23:51:23
54,Christina,Grant,zhudson@example.com,Greenside,IA,2023-04-25 17:00:29
55,Daniel,Walls,townsendbenjamin@example.net,Clarkburgh,WV,2024-05-19 05:27:04
56,Kenneth,Thompson,aray@example.net,East Angelicatown,IN,2024-02-21 23:32:34
57,William,Mathews,yrivera@example.net,Sherryberg,AR,2023-09-20 03:46:26
58,Charles,Ashley,samuel79@example.org,East Benjamin,PA,2023-10-16 03:53:08
59,Ashley,Harris,yjohnson@example.net,Christinetown,GA,2023-08-23 15:27:35
60,Kathryn,Smith,skinnerbarbara@example.net,Birdview,RI,2024-08-01 03:25:04
61,Victoria,Williams,omiller@example.com,East Emily,AR,2024-03-26 16:02:34
62,Jeffrey,Miller,heatherclark@example.org,Kristenberg,WY,2024-06-07 03:43:41
62,Jeffrey,Miller,heatherclark@example.org,North Michelefurt,WY,2025-01-07 10:29:24
63,Shawn,Wagner,avasquez@example.org,West Johntown,MA,2023-04-07 10:13:01
64,Ricardo,Jones,russellrobinson@example.org,West Nicholasstad,AS,2022-09-29 04:41:58
65,Nicole,Perry,rebeccagreen@example.net,South Michellemouth,RI,2023-11-01 03:28:35
66,Brooke,Kim,timothywhite@example.org,New Margaret,OR,2022-12-27 01:29:01
67,Valerie,Adams,rodriguezsarah@example.net,Saraland,MS,2022-11-25 01:47:40
68,Daniel,Moore,jenniferbrown@example.com,West Joshua,NJ,2023-04-26 22:51:01
69,Michael,Gibbs,juliacook@example.org,Port Kimstad,NV,2023-12-30 19:28:56
70,Deborah,Ortiz,ryan17@example.com,Michaelberg,HI,2022-09-07 09:26:28
71,Aaron,Martin,kristi04@example.net,North Amandatown,CA,2023-06-30 15:46:20
72,Thomas,Golden,eperry@example.com,Gonzalezshire,AZ,2022-11-15 17:52:34
73,Richard,Garcia,ssanchez@example.net,Gilesmouth,AL,2023-10-29 00:47:16
74,Allison,Vasquez,matamaria@example.com,Lake Kristenmouth,WV,2022-10-25 21:38:06
75,Jonathan,Brown,wjohnson@example.com,South Kristen,UT,2022-09-16 16:36:32
76,Vanessa,Wu,jefftrujillo@example.net,Carlyborough,OK,2023-12-29 01:54:34
76,Vanessa,Wu,jefftrujillo@example.net,Allisonfort,CO,2024-09-29 03:25:53
77,Amy,Myers,jenniferhill@example.net,Willisborough,OK,2023-04-10 04:11:10
78,Larry,Campos,gouldjoshua@example.com,Gregorytown,MT,2023-05-07 18:11:01
79,Melissa,Brooks,christopher74@example.net,West Ryanfort,NM,2024-03-08 00:06:27
80,Dawn,Bradford,omack@example.org,Lake Bradleyfort,PW,2023-12-26 02:01:29
80,Dawn,Bradford,omack@example.org,Juliehaven,SC,2025-05-09 11:17:43
81,Tara,Ramirez,lfields@example.com,New Julia,AS,2022-11-14 21:08:54
82,Stacy,White,summersgregory@example.com,Amyland,WY,2023-05-16 11:54:16
83,Richard,Dunn,jyoung@example.net,East Christopherfurt,PA,2023-09-20 06:18:32
84,Brent,Landry,karivasquez@example.net,Katherineton,WI,2024-01-03 05:10:04
85,David,Carter,evansjennifer@example.com,Port Jamie,TX,2024-08-15 21:39:46
86,Matthew,Shaw,bsmith@example.com,South Michael,PW,2023-03-06 08:31:48
87,Aaron,Arellano,rcarpenter@example.com,East James,MO,2022-11-23 13:49:12
88,Ashley,Cain,psmith@example.org,Haydenland,MN,2024-05-14 09:51:56
89,Ryan,Castillo,robinsonerica@example.net,Tuckerchester,RI,2023-12-26 02:23:40
90,Ricky,Juarez,katelyn55@example.net,Tonyborough,WA,2024-07-25 00:33:01
91,Pamela,Anderson,grantbryan@example.net,North Gregory,ND,2024-06-07 22:30:01
92,Jane,Walker,dmorris@example.com,East Stevenfort,MN,2023-06-12 13:20:47
93,Jennifer,Hanson,terrihill@example.net,Taylorbury,CA,2024-03-08 10:33:49
94,Rachel,Hayes,wpatterson@example.org,Johnsonstad,FM,2023-06-15 12:34:38
95,Mary,Schneider,trevor49@example.net,South Tammymouth,NY,2022-09-23 05:51:38
96,Rhonda,Arnold,bmorrison@example.net,New Michelle,WA,2024-02-29 21:39:51
97,Hector,Robinson,theresa84@example.net,Benjaminville,PR,2023-02-22 16:03:53
98,Raymond,Little,rstevens@example.net,Lake Paulstad,VT,2024-04-23 14:57:12
99,Matthew,Williams,jrogers@example.com,Christopherport,ID,2024-02-11 02:35:22
100,Christopher,Bentley,jking@example.com,South Russell,TX,2024-03-26 21:57:14
101,Christina,Martin,rachel96@example.com,Anthonyberg,AK,2022-11-10 16:21:11
102,Patricia,Rush,padams@example.net,Port Lucas,NY,2022-11-21 03:08:28
103,Adam,Wilson,dvasquez@example.net,Williamview,SC,2023-02-11 14:57:42
104,Robin,Hill,calvin29@example.com,West Thomas,FM,2024-01-29 02:35:41
105,Wesley,Morales,davissusan@example.org,New Susantown,WA,2022-11-09 07:00:23
106,James,English,corey55@example.com,Shawnmouth,IN,2024-01-23 09:37:24
107,Samantha,Clay,jackie33@example.com,West Amyton,SD,2022-08-28 23:03:33
108,Brian,Montgomery,lauren56@example.org,Lake Kelseyfort,NE,2023-01-31 14:39:35
109,Keith,Guzman,kathryn08@example.org,East Sharonborough,KS,2022-09-27 04:59:40
110,Emily,Watkins,philip82@example.net,Whiteheadside,MP,2023-07-14 20:59:13
111,Rebecca,Sanders,josephdonald@example.com,South Laurie,DC,2022-12-03 20:57:28
112,Mark,Rivera,danielle99@example.org,Mirandaburgh,KS,2023-10-10 02:14:57
113,Angela,Wright,floydgary@example.com,South Allison,MS,2024-02-24 03:55:13
114,Patrick,Young,wilsonpatricia@example.net,East Daniel,NY,2024-04-04 15:38:56
115,Ann,Griffin,jack90@example.com,West Andresborough,MH,2022-11-30 02:07:12
116,Jessica,Garcia,dbrowning@example.com,Alexisfort,VT,2023-09-18 03:44:39
117,Rebecca,Villa,mgarcia@example.org,East Jasmineburgh,VA,2024-03-30 18:53:37
117,Rebecca,Villa,mgarcia@example.org,West Savannah,IN,2025-03-09 07:09:08
118,Brian,Jenkins,joseph73@example.com,Hannahstad,ND,2024-03-06 22:21:58
119,Victoria,Bridges,millerjeffery@example.net,Livingstonfort,IA,2022-10-09 01:27:05
120,Sara,Day,andre45@example.org,Lowefort,MA,2022-08-22 16:32:56
121,Frederick,Reyes,michaelfrank@example.net,Lake Justin,CA,2022-09-26 06:40:08
121,Frederick,Reyes,michaelfrank@example.net,Lake Cynthia,WY,2024-08-21 19:41:20
122,Betty,Johnson,patricia31@example.org,Smithhaven,NC,2023-11-04 11:46:23
123,Vicki,Buchanan,vperkins@example.org,West Shannonburgh,GU,2024-02-22 14:42:59
124,Brett,James,andrea04@example.org,Murrayfurt,LA,2023-04-15 19:53:38
125,Jonathan,Stone,morrisjessica@example.org,Cabreramouth,MH,2023-11-18 09:23:49
126,Jennifer,Lane,eric56@example.net,Simmonsfort,GA,2022-11-11 12:40:10
127,Daniel,Barnes,ucombs@example.org,South Samanthaton,ID,2023-09-10 07:29:05
128,Michael,Butler,camachostephen@example.org,West April,DC,2024-03-26 13:35:42
129,Ronald,Clark,klopez@example.com,Franciscoberg,CT,2022-11-26 05:06:23
130,Bonnie,Oconnor,krista53@example.net,Tannershire,NY,2023-02-07 09:17:08
131,Jasmine,Rodgers,sheilacrawford@example.net,Curtisburgh,PR,2022-12-20 05:55:43
132,Danielle,Brown,redwards@example.org,Lake Anthony,OH,2023-05-05 12:22:11
133,Bobby,Solis,daniel69@example.org,Michaelfurt,AZ,2023-11-03 20:29:05
134,Dale,Graham,stephanie82@example.com,Hallton,AZ,2023-10-04 19:28:31
135,Jonathan,Sanders,lisathomas@example.com,Riveraton,NH,2023-12-03 11:11:15
136,Connor,Contreras,tlynch@example.org,Jeffreyfurt,MA,2023-06-23 02:22:07
137,Jill,Anderson,eshannon@example.net,Port Kimberlyview,WA,2022-08-20 17:03:22
138,Trevor,Bryant,adamclements@example.com,Maysshire,MA,2023-07-27 14:25:49
139,Kimberly,Martin,timothy27@example.com,West Nicholaschester,PA,2023-06-18 21:46:26
140,Tracy,Smith,elizabethsnyder@example.net,New Adamport,MI,2023-07-20 02:34:08
141,Kevin,Hunter,pamelaray@example.net,East Dannyberg,IL,2023-11-20 16:50:49
142,Steven,Alvarez,phawkins@example.com,Taylorport,SC,2023-02-13 22:09:16
143,Andrew,Tyler,rcook@example.net,West Rodneychester,MD,2023-04-30 04:21:29
144,Paul,Bailey,barronkimberly@example.org,Lake Robert,WY,2023-08-13 07:05:03
145,Rebecca,Davis,sally45@example.org,Port Teresatown,KY,2022-09-29 19:08:20
146,Andrea,Schmidt,umejia@example.net,Micheleside,PR,2023-01-22 00:08:04
147,Michael,Reynolds,amygillespie@example.com,North Kimberlychester,MH,2024-02-01 13:15:19
148,David,West,theodorecole@example.org,Kevinmouth,SD,2024-04-25 21:36:41
149,Tara,Cook,ruth83@example.net,Millerfurt,NY,2023-07-01 08:53:05
150,Steven,Davis,michaeldonaldson@example.net,North Luismouth,KS,2024-04-23 15:15:08
151,Kari,Aguilar,parkerjesse@example.net,Jessicaberg,VT,2023-09-09 10:39:57
152,Cheryl,Carlson,evalentine@example.net,Jessefurt,VI,2024-07-17 00:56:45
153,Carolyn,Duke,john35@example.org,Susanton,MO,2023-06-10 00:34:12
154,Nicole,Davis,brittany69@example.com,Morenoside,TN,2022-10-16 00:25:54
155,Mary,Schmidt,jamesmacias@example.org,Jeremiahborough,AL,2023-06-08 09:11:45
156,Rebekah,Byrd,clarknatasha@example.net,North Jasmineview,RI,2022-10-14 18:49:17
157,Jason,Estes,scottjames@example.com,Lake Scottborough,NH,2023-10-21 14:09:28
158,Lauren,Gregory,lisagonzalez@example.net,New Tiffanyhaven,MS,2024-07-17 21:39:38
159,Eric,Thomas,ryanmorgan@example.org,Lopezfort,RI,2024-02-06 07:25:37
160,Benjamin,Miller,gallowaydakota@example.net,North Kelly,WI,2023-02-22 15:33:56
161,Ryan,Lopez,michelle68@example.net,South Madison,NV,2023-04-18 01:13:42
162,Kevin,Wright,anne27@example.org,Kimberlyfurt,FM,2024-03-11 17:58:11
163,Craig,Wolf,sherrichen@example.org,East James,MD,2022-11-24 18:29:56
164,Gina,Armstrong,jacquelinekim@example.net,North Lindaberg,OH,2023-11-08 04:23:51
165,Aaron,Keith,nmccann@example.org,East Jonathan,KY,2023-02-28 01:09:32
166,Beth,Contreras,johnsonjames@example.com,Davidshire,NY,2023-12-05 21:27:33
167,Abigail,Ross,molinachristine@example.org,Lake Ryan,PW,2024-03-07 02:05:05
168,Michael,Vang,jasonjordan@example.org,South Tylerborough,WI,2022-10-16 14:53:05
169,David,Nicholson,xstevens@example.org,Port Sherry,RI,2023-08-22 17:47:07
170,Laura,Chavez,tony08@example.net,North Norman,PW,2024-04-14 05:27:27
171,George,Byrd,emiller@example.com,East Gregory,AL,2022-08-28 06:49:10
172,Lisa,Williams,urodriguez@example.com,South Patriciaview,AS,2022-10-03 19:15:25
173,Walter,Silva,anthony21@example.net,Brownside,VT,2023-01-31 20:40:17
174,Rhonda,Mooney,michael09@example.com,North Cole,TX,2023-04-29 21:24:53
175,Daniel,Pena,qodonnell@example.com,Lake Lisa,WY,2022-10-10 22:07:18
176,Dylan,Frost,erikajackson@example.org,Frybury,WI,2022-09-25 11:01:56
177,Matthew,Evans,burgessdominic@example.net,Tonyachester,NE,2024-04-22 21:50:10
178,Donna,Martin,rossgregory@example.net,Thomasfurt,WI,2024-04-15 01:29:09
179,Jennifer,Pena,ryan37@example.net,Erinfort,MH,2024-06-23 19:35:02
180,Nathan,Yu,laura07@example.com,East Joshua,WI,2023-06-02 20:54:56
181,Jennifer,Thomas,zbuchanan@example.com,New Joshuafurt,AL,2023-07-08 05:17:14
182,Gabrielle,Allen,ochavez@example.com,Smithmouth,NY,2023-05-15 00:08:12
183,John,Combs,kentjesus@example.org,New Jeffrey,CO,2023-01-17 00:09:19
184,Aaron,Russell,hrogers@example.org,East William,MP,2022-09-11 00:21:05
185,Linda,Williams,ryan37@example.org,Ochoastad,GA,2022-10-18 00:31:43
186,Patrick,Wolfe,cohenclaudia@example.org,Lake Dominicchester,NE,2024-06-15 12:59:26
187,Michael,Pennington,pduarte@example.net,Jacksonchester,CT,2023-09-18 06:32:08
188,Mark,Reyes,samantha79@example.net,East Rachaelland,NE,2022-08-28 03:28:10
189,Jacqueline,Hall,zmorales@example.com,Dyerview,NE,2024-06-19 05:12:53
190,Kevin,Foster,francisleslie@example.net,Matthewsborough,IN,2023-02-12 15:14:27
191,Justin,Armstrong,mooneylaura@example.net,Stevenchester,DE,2023-07-17 18:56:54
192,Leslie,Walsh,watsoncaitlin@example.net,East Zachary,TX,2024-01-16 01:40:41
193,Arthur,Ford,jenniferleon@example.org,Lake Christopherland,CO,2023-07-11 18:11:48
194,Allison,Cox,kellyvincent@example.org,Lake Juanbury,MD,2024-01-28 04:44:17
195,Todd,Gillespie,donaldsonkyle@example.org,Andersonchester,AR,2023-07-14 21:06:04
196,Carla,Williams,fergusonnorman@example.net,East Toddmouth,NJ,2023-09-19 05:49:38
197,James,Bridges,brian31@example.net,Browntown,CT,2023-12-12 00:23:26
198,Jeffrey,Murray,vjordan@example.net,Morrisside,ID,2023-03-02 11:25:35
199,Patricia,Sanchez,stephanie35@example.com,West Richard,NJ,2022-09-11 12:10:54
200,Adrian,Craig,greeneraymond@example.com,Lawsonmouth,RI,2024-06-16 14:16:52
201,Stacey,Cunningham,mhubbard@example.net,East Jenniferhaven,OH,2023-07-17 09:06:25
202,Mathew,Fitzgerald,reedpatrick@example.org,Taylormouth,VI,2023-01-19 01:06:27
203,Dawn,Boyd,gthompson@example.org,Port Samantha,KS,2023-06-15 13:40:02
204,William,Rivas,usantos@example.org,Danielmouth,NV,2022-11-12 09:21:45
205,Kathy,Walsh,melissa19@example.com,New Douglasbury,VI,2024-05-29 03:11:11
206,Peggy,Schmidt,daniel83@example.net,Harpertown,MN,2023-10-24 23:15:18
207,Brandon,Gomez,mark67@example.com,Dicksontown,MA,2023-05-19 14:35:19
208,Sarah,Jones,martha66@example.net,South Nicholas,WI,2023-03-27 15:13:10
209,Nicholas,Schmidt,hannah58@example.org,Joannachester,WI,2024-04-21 20:53:02
210,Amber,Morales,smiller@example.org,Danaside,MA,2023-11-25 16:19:16
211,Tina,Kennedy,michael90@example.org,East Linda,NJ,2022-10-14 19:48:26
212,Jennifer,Smith,wrighttimothy@example.com,Salinasview,MA,2022-11-06 06:19:47
213,Hailey,Estrada,nvaughn@example.com,Traceymouth,RI,2023-02-08 10:07:53
214,John,Smith,jonathanarmstrong@example.com,New Stevenberg,VI,2022-09-20 20:56:06
215,Elizabeth,Reynolds,bullockjay@example.org,Moorehaven,NE,2024-02-29 16:12:15
216,Kevin,Torres,johnpatel@example.com,South Petermouth,MN,2024-03-05 06:39:14
217,Kimberly,Valdez,mthompson@example.net,Lake Shellymouth,MT,2024-06-27 21:52:13
218,Kristen,Brown,meyertrevor@example.net,Christopherhaven,NJ,2023-12-19 23:18:57
219,Alexis,Henderson,jonesjohn@example.com,West Danielview,GA,2022-09-10 18:11:16
219,Alexis,Henderson,jonesjohn@example.com,South Stephenstad,NY,2024-10-24 19:49:56
220,Kirsten,Jones,ernest83@example.com,Lake Jamestown,KS,2022-09-09 01:59:00
221,Joshua,Bradley,ucole@example.com,West Joshuaton,AL,2023-09-17 02:19:49
222,Christopher,Velasquez,anna28@example.net,Lake Donnafurt,WA,2023-11-17 21:00:31
223,Mark,Perez,hoffmanlaurie@example.com,West Rita,IL,2023-12-05 04:44:24
224,Kristen,Love,kevindiaz@example.org,Colleenberg,MA,2024-02-20 18:28:07
225,Shannon,Chen,jose15@example.com,Kempfort,TN,2023-09-22 13:06:33
226,Rebecca,Coleman,mackenzie39@example.org,New Zachary,ID,2022-09-10 08:58:41
227,Julie,Johnson,powersjoshua@example.com,Bradyton,AS,2022-11-20 05:35:30
228,Christopher,Jenkins,melissa00@example.net,Robertsborough,CT,2022-10-04 05:55:49
229,Joseph,Crawford,djones@example.com,West Veronicatown,MO,2023-07-23 16:38:21
230,Roberto,Wood,dcompton@example.net,Victoriaburgh,AK,2022-10-24 11:47:38
231,Julia,Woodard,thompsonandrea@example.org,Lake Michelefort,ME,2023-05-11 14:35:12
232,Randy,Steele,haguilar@example.org,Villegasview,LA,2024-03-03 05:10:29
233,Julie,Jackson,znelson@example.org,Lake Emily,IA,2024-08-04 08:03:52
234,Matthew,Frazier,tylerapril@example.org,Baileybury,TX,2023-08-19 03:58:58
235,Valerie,Love,twatkins@example.com,West Heather,FM,2023-08-24 22:44:27
236,Marc,King,cynthiastrickland@example.org,New Jeremyfort,VT,2024-07-08 12:06:19
237,Laurie,Walter,edwardrogers@example.net,East Chelseastad,MS,2023-12-15 00:23:00
237,Laurie,Walter,edwardrogers@example.net,Wellsville,AZ,2025-01-16 12:35:41
238,Anna,Roach,beckersherri@example.com,South Janet,CO,2023-02-03 15:33:03
239,Stacy,Campbell,nrobertson@example.org,Lake Michael,OR,2023-12-15 23:43:13
240,Darrell,Hammond,scottford@example.net,East Molly,MI,2024-02-27 07:17:24
241,Jonathan,Malone,unorris@example.net,West Davidton,MI,2023-03-23 05:00:30
242,Sara,Williams,debramarshall@example.com,Dustintown,GA,2023-01-19 23:08:32
243,Angela,Shepherd,coxwesley@example.org,Katherineport,MP,2023-06-02 10:03:12
243,Angela,Shepherd,coxwesley@example.org,Davidmouth,IA,2024-12-04 09:46:29
244,Brittany,Gutierrez,qcarpenter@example.com,Fostertown,VA,2023-10-03 16:55:18
244,Brittany,Gutierrez,qcarpenter@example.com,Denisehaven,VA,2025-02-28 19:14:57
245,Heather,Fox,lori87@example.com,Harveymouth,OK,2024-01-01 00:17:26
245,Heather,Fox,lori87@example.com,South Justin,IL,2024-12-22 09:14:22
246,David,Green,michellefuller@example.net,Salinasburgh,MI,2024-08-07 23:03:42
247,Carolyn,Garcia,travischang@example.net,New Rachelborough,NC,2023-04-11 03:24:55
248,Heather,Hansen,crystal45@example.net,Hannahton,SC,2022-12-26 02:32:41
249,Ashley,Ryan,hramirez@example.com,West Biancashire,WA,2023-04-19 07:55:44
250,Laurie,Gamble,davidbryant@example.com,Vaughanmouth,TN,2024-04-08 12:23:45
251,Robert,Johnson,jenkinsamy@example.com,Karenshire,MT,2024-07-21 18:33:52
252,Jack,Cook,tiffany32@example.org,Hurleyberg,OH,2024-07-25 06:47:51
253,John,Reid,amanda42@example.org,Laneberg,TX,2023-12-14 02:24:09
254,Nicholas,Wilson,ldudley@example.net,Port Terriport,VT,2022-09-01 17:47:43
255,Mary,Hill,gilldavid@example.net,Paulport,UT,2023-08-10 09:17:31
256,Jessica,Burton,kevin72@example.net,West Christopher,WI,2022-11-03 01:48:18
257,Amy,Yang,davisjames@example.com,Lake Markside,NM,2023-01-13 18:38:08
258,Joyce,Martinez,tatephyllis@example.net,Coxmouth,OK,2024-01-10 03:38:48
259,Bryan,Cochran,gbrooks@example.org,North Davidtown,KS,2023-05-15 00:05:52
260,Allison,Cervantes,gregory15@example.com,Jonesbury,NJ,2023-09-28 11:48:17
261,Christopher,Butler,marypollard@example.com,South Jason,SD,2023-09-25 23:56:29
262,Linda,Paul,elizabeth29@example.com,New Rebekah,ND,2024-03-11 17:18:44
263,Thomas,Noble,tadams@example.org,Lake Andreaberg,CT,2023-09-28 10:35:34
264,Beth,Roberts,john59@example.net,Hughesbury,OK,2023-04-14 23:23:40
265,Michael,Brooks,montgomeryrobert@example.net,East Thomas,LA,2024-07-02 21:38:39
266,Danielle,Rodriguez,nlloyd@example.org,Teresachester,FL,2023-12-04 14:33:56
267,Tammie,Acosta,yorkmichael@example.net,Coleburgh,KS,2024-04-22 05:51:48
268,Christopher,Mcintosh,lee73@example.com,North Heatherborough,AR,2024-04-23 08:46:24
269,Kevin,Thompson,christopher82@example.org,Danielfort,PA,2024-04-10 06:39:08
270,Jason,Cameron,brownjennifer@example.net,Lake Charlesstad,RI,2023-05-07 20:15:05
271,Tracy,Wyatt,michaelhodges@example.net,Williamsonside,MP,2023-12-20 12:02:43
272,Tammy,Adams,lbaxter@example.net,Phillipsmouth,NE,2023-03-08 10:43:29
273,Preston,Cunningham,xmartinez@example.net,New Reneeborough,NE,2024-01-19 16:02:11
274,Matthew,Moore,simpsonsusan@example.com,Erinstad,CO,2022-08-26 12:42:58
275,Ellen,Johnson,marisa74@example.org,Lynnstad,FM,2023-02-10 02:01:00
276,Shawn,Carlson,paulpeters@example.net,Michaelburgh,AK,2022-12-05 02:52:27
277,James,Gonzalez,jking@example.net,Paulmouth,ND,2023-12-06 19:24:01
278,Bryan,Myers,powen@example.net,Richardtown,WY,2023-02-19 03:08:07
279,James,Nguyen,john58@example.com,Jeffreyland,WY,2024-02-22 20:33:38
280,Anthony,Sawyer,lopezlindsey@example.com,Baldwinmouth,KS,2024-08-04 08:49:28
281,Carla,Howard,greenmichael@example.com,Janeshire,MA,2022-11-29 02:20:13
282,Kyle,Wade,smoore@example.com,West Tyler,MS,2024-02-19 12:54:10
283,Anthony,Jensen,stephanie79@example.org,Pamelaburgh,NV,2022-10-28 17:56:42
284,Devon,Wood,usims@example.com,Cooperbury,OK,2023-11-29 09:24:41
285,Angela,Miller,kfitzgerald@example.net,South Danielville,WI,2023-10-26 17:46:07
286,Mark,Travis,jacobchambers@example.org,Gloverbury,NH,2024-04-05 18:24:27
286,Mark,Travis,jacobchambers@example.org,Seanville,GU,2024-12-23 08:29:50
287,Susan,Esparza,brianbrown@example.net,Lake Andrewhaven,UT,2023-01-03 10:15:14
288,Danielle,Anderson,brandonsandoval@example.com,West Kimberly,VT,2023-10-21 21:48:47
289,Susan,Smith,gomezangela@example.com,Maryville,OK,2024-04-22 20:45:04
290,Michele,Watson,rebecca21@example.org,West Sheryl,SD,2024-03-30 02:27:47
291,Adam,Ramos,wendy19@example.com,Lake Daniel,NH,2023-12-12 22:16:09
292,Larry,Bryant,campbelljessica@example.net,Ernestchester,NY,2023-12-22 19:35:11
293,Mark,Kane,sarahyoung@example.net,Lake Cameronport,MT,2023-12-12 04:29:45
294,Daniel,Grant,grace36@example.com,Lake Patrickborough,FL,2022-09-14 13:32:36
295,Stephanie,Gonzalez,devon95@example.org,Lake Jessica,PW,2024-01-24 06:52:38
296,Keith,Lindsey,petersenmelissa@example.org,West Christopher,ND,2024-04-12 07:36:08
297,Larry,Long,peggy17@example.org,Lake Lynn,ID,2023-07-05 04:20:20
298,Erika,Barker,angela33@example.com,New Theresa,TN,2023-07-30 16:55:48
299,Shawn,Brown,iadams@example.org,Adamsburgh,PR,2023-01-15 07:36:36
300,Meagan,Stokes,mendozarobyn@example.net,Rodgersside,NE,2023-12-16 00:20:24
301,Dalton,Everett,william42@example.org,Port Sonia,ID,2023-05-13 08:31:49
302,Sherry,Campos,sanchezdarren@example.com,Jasonbury,WV,2023-04-08 04:02:10
303,Christopher,Fernandez,cwood@example.com,Lake Codyshire,ND,2023-12-12 01:56:30
304,Kristin,Ellis,vickihubbard@example.com,Lake Nathan,GA,2023-01-30 18:33:59
305,Heather,Carr,jasonsavage@example.org,East Kenneth,MH,2022-09-19 18:54:26
306,Mindy,Thornton,pamcox@example.org,Rachelborough,AK,2022-09-03 12:53:37
307,Andrew,Wade,marymoody@example.net,Vazquezstad,NV,2023-06-12 10:45:31
308,Julie,Horne,fturner@example.net,Lake Jill,KY,2023-10-14 13:20:50
309,Wendy,Wright,karajones@example.com,New Jennifer,ND,2023-08-07 21:47:09
310,Allison,Berger,christophercampbell@example.com,Dillonton,TX,2023-09-13 23:19:23
311,Jennifer,Stephenson,alexandergarcia@example.org,Smithport,MO,2023-11-29 09:38:19
312,Marissa,Sullivan,parkerkatrina@example.com,North Timothy,MN,2024-07-24 00:02:23
313,Cathy,Stephens,aaronyoung@example.org,South Linda,MD,2024-08-05 05:23:03
313,Cathy,Stephens,aaronyoung@example.org,Port Diana,MN,2025-05-20 11:54:19
314,John,Taylor,michael72@example.net,East Tinaton,MA,2023-08-05 16:57:39
315,Michael,Dean,bhicks@example.com,Pinedaville,CO,2024-04-07 16:25:04
316,Jaime,Henry,ryanandrews@example.net,Andersonfort,KS,2023-09-23 16:59:39
317,Lauren,Myers,nthomas@example.com,Jordanville,CO,2022-12-13 07:02:32
318,Steven,Lee,geraldwebb@example.com,West Charlesville,NY,2023-04-17 00:39:12
319,Heather,Curry,jessicataylor@example.org,Port Matthewborough,FL,2022-10-03 21:59:32
320,Leslie,Taylor,patricia74@example.com,West Patricia,OR,2023-05-24 13:39:46
321,David,Chavez,thomas64@example.com,West Chloefurt,PR,2023-04-19 22:56:28
322,Christopher,Johnson,michael00@example.net,Juliefort,OR,2024-05-14 04:27:06
323,Dylan,Vazquez,william62@example.org,Charleston,AZ,2024-06-06 02:02:40
324,Cindy,Garcia,parkerdaniel@example.net,North Davidhaven,NY,2023-05-19 22:12:21
325,Thomas,Duncan,staffordelizabeth@example.com,East Laurenbury,MO,2024-04-27 13:01:02
326,Megan,Guerrero,davisbrent@example.net,Lake Ryan,PR,2024-06-20 16:26:13
327,Kurt,Hawkins,samanthabrown@example.com,West Karenborough,FM,2022-11-11 21:03:11
328,Kathleen,Thompson,sarahsmith@example.com,New Dawnstad,MS,2023-01-13 11:56:29
329,Daniel,Mann,amorgan@example.net,Youngview,WY,2023-04-27 03:22:43
330,Joseph,Perry,kmunoz@example.net,Ibarraton,LA,2024-07-05 20:47:28
331,Jose,Jones,kelseydelacruz@example.org,Ashleemouth,MN,2024-05-30 01:00:10
332,Jesus,Williams,njohnson@example.com,South Samantha,MO,2023-01-09 02:03:53
333,Charles,Montgomery,norman30@example.org,Gonzalezfurt,IA,2022-08-22 02:31:12
334,Taylor,Stout,lewisbrian@example.net,Jamesbury,OK,2023-06-21 07:47:23
335,Julian,Dunn,fordshirley@example.net,Port Frances,HI,2024-04-14 02:35:42
336,Erica,Gillespie,tammybird@example.net,Romeroshire,NC,2023-05-01 20:58:31
337,Annette,Garcia,qpalmer@example.net,Lake Melissa,UT,2023-08-12 10:53:17
338,Stephanie,James,leonard84@example.net,West Dave,AR,2023-01-21 10:40:24
339,Leslie,Smith,johnnycain@example.com,East Paulborough,HI,2022-10-08 05:46:26
340,Leslie,Taylor,lisa80@example.com,North Debra,LA,2024-01-26 21:46:13
341,Omar,Miller,mark71@example.com,North Ryantown,MD,2024-06-13 10:19:33
342,Danielle,Owens,pmoore@example.com,North Sandra,DE,2022-08-30 17:36:30
343,Amanda,Thomas,khess@example.com,Scottmouth,NY,2024-06-14 14:51:51
344,Deborah,Lowery,elizabeth67@example.net,West Timothyhaven,NV,2023-06-14 10:49:52
344,Deborah,Lowery,elizabeth67@example.net,Edwardsville,RI,2025-02-20 03:49:38
345,Denise,Chavez,mle@example.com,Breannaborough,LA,2023-08-17 02:56:52
346,Gerald,Downs,gregorykirby@example.org,Lake Antonio,SC,2024-02-24 00:51:59
347,Sandra,Powell,stephanie87@example.com,Josephshire,MD,2023-11-30 20:10:31
348,Angela,Green,jason29@example.net,Lake Lauramouth,GU,2024-02-02 11:47:05
349,Doris,Payne,kellylarry@example.net,Lake Danielmouth,NY,2024-07-02 05:00:04
350,Mary,Wheeler,moorelaurie@example.net,South Justin,MH,2023-09-09 16:16:21
351,William,Parsons,zrios@example.org,New Chelseashire,MO,2024-02-22 23:55:07
352,Melissa,Williams,chapmantimothy@example.org,Justinville,TN,2023-09-10 17:39:25
353,Paul,Ramirez,villanuevajennifer@example.net,Michaelberg,MN,2024-01-23 11:44:47
354,Alejandra,Byrd,amiller@example.com,West Courtneyside,SD,2024-04-03 03:05:20
354,Alejandra,Byrd,amiller@example.com,Raymondmouth,WY,2025-08-15 20:24:49
355,Paula,Cruz,irivas@example.net,East Steventon,NY,2023-11-12 19:45:12
356,Douglas,Murphy,georgekim@example.org,South Jamesborough,CO,2023-11-28 00:23:46
357,James,Howell,gmanning@example.org,Brownview,MP,2024-03-20 14:22:59
358,Emily,Madden,williamssusan@example.org,Port Jasonchester,NV,2022-09-21 00:02:43
359,Susan,Robinson,ashley11@example.com,Jasonshire,OR,2023-03-13 15:25:14
360,Andrew,Sanchez,jlopez@example.org,Woodsfurt,PW,2023-07-11 18:14:14
361,Pamela,Barber,rosejordan@example.com,Ellisshire,UT,2024-06-29 13:05:14
362,Patrick,Warren,howellsusan@example.org,Smithberg,MS,2023-11-11 11:42:33
362,Patrick,Warren,howellsusan@example.org,West Diane,HI,2025-05-13 14:52:17
363,Michael,Dixon,villarrealkristy@example.org,Wilsonfurt,WV,2022-12-02 04:21:57
364,Crystal,Myers,grantlewis@example.com,West Linda,MS,2024-03-14 17:59:14
364,Crystal,Myers,grantlewis@example.com,Kathleenburgh,WY,2025-05-19 06:33:05
365,Chad,Ortiz,martinezdonald@example.com,Danielleton,OK,2024-01-25 10:38:58
366,Jessica,Reyes,abyrd@example.com,Pageland,KY,2023-03-06 16:46:16
366,Jessica,Reyes,abyrd@example.com,Gregorymouth,NH,2025-03-27 05:51:47
367,Elizabeth,Valencia,mcdonaldjennifer@example.net,Terrellton,MD,2022-12-20 12:32:26
368,Steve,Rodriguez,andrewjohnson@example.org,Josephport,TX,2024-04-07 06:56:19
369,Marie,Huang,norrisapril@example.org,Brandonberg,OR,2024-03-29 21:58:12
370,Norman,Molina,williemassey@example.org,Lake Robertport,PW,2024-05-23 11:20:26
371,Kevin,Mckee,erinwatson@example.net,Bauerhaven,TX,2022-08-22 17:20:34
372,Darlene,Hamilton,lynnwolfe@example.com,East Andrew,MI,2022-12-24 23:11:01
373,Peter,Thompson,vincent56@example.org,East Anitatown,SC,2024-08-10 16:07:18
374,Brenda,Silva,williamgarrett@example.com,Angelatown,NV,2022-12-28 05:21:54
375,Timothy,Alexander,davidweber@example.net,East Cathyton,ND,2022-08-23 10:00:15
376,Timothy,Hensley,williamkirk@example.com,Christopherville,WA,2023-04-01 11:05:27
377,Sandra,Acosta,gmatthews@example.com,Melanieshire,MP,2023-04-22 09:16:01
378,Brandon,Davila,jeffrey70@example.net,Danielsbury,ND,2024-01-24 16:31:16
379,Nicole,Williams,martinvictoria@example.net,East Kelly,PA,2023-07-03 20:23:57
380,Gregory,Salazar,stevenmendoza@example.net,Peterfurt,WA,2024-03-28 02:05:35
380,Gregory,Salazar,stevenmendoza@example.net,South Robert,CT,2025-06-27 12:09:49
381,Nicole,Davis,xrichmond@example.com,Louischester,CT,2023-12-17 13:27:15
382,Kyle,Lopez,richardvargas@example.org,Davidville,NC,2022-11-21 00:20:32
383,Paul,Stevens,williamobrien@example.com,Jessicashire,OH,2022-09-16 10:59:39
384,Leslie,Day,brandy14@example.org,Craigport,OK,2024-06-11 12:38:41
384,Leslie,Day,brandy14@example.org,Matthewview,VA,2024-09-11 05:33:59
385,Susan,Thompson,tonyahanson@example.com,Washingtonburgh,NM,2022-12-21 13:49:21
386,Peter,Patel,jennifer53@example.com,West Mariaville,MO,2023-03-10 18:27:51
386,Peter,Patel,jennifer53@example.com,Williamside,VA,2025-03-11 14:04:39
387,Katie,Dixon,ywelch@example.org,South Brandon,PW,2023-04-25 10:28:44
388,Alex,Gonzalez,navarroamanda@example.net,Jamesmouth,KY,2024-01-28 12:08:07
388,Alex,Gonzalez,navarroamanda@example.net,Curtisborough,AR,2025-04-28 08:07:57
389,Theresa,Rodriguez,andrew75@example.org,North Tiffany,SC,2023-06-20 06:23:29
390,Lisa,Hicks,adamflores@example.net,Ellishaven,UT,2023-07-02 08:06:52
391,Bobby,Keller,mark33@example.org,Sarahshire,UT,2023-03-15 05:59:37
392,Kenneth,Walters,websterregina@example.com,Randallton,AL,2023-03-03 10:15:22
393,James,Walls,eleblanc@example.org,West Christopherborough,NE,2023-05-18 00:14:34
394,Chloe,Rogers,gregoryclayton@example.org,Grantville,MS,2023-03-03 16:38:02
395,Sandra,Brown,zcampbell@example.com,Connerburgh,WV,2022-11-28 14:32:19
396,Jennifer,Nelson,millermichael@example.org,Lake Michael,DC,2024-06-15 20:42:06
397,Angela,Dalton,munozrobert@example.org,New Jorge,SC,2022-11-09 22:47:15
398,Gina,Perez,christinemalone@example.net,Stanleychester,NH,2024-07-18 18:37:11
399,Tyler,Rivera,cassie19@example.com,Taylorside,MA,2023-04-08 11:17:33
400,Kyle,Smith,yharvey@example.org,West Robert,IL,2024-08-03 23:53:39
401,Deborah,Anderson,yjones@example.org,Amandaview,NV,2023-11-10 05:16:52
402,Taylor,Hull,gonzalezlauren@example.net,East Cathymouth,PA,2022-09-29 08:56:14
403,Dorothy,Maldonado,johnsonlaura@example.com,West Michaelview,ND,2024-05-19 15:51:48
404,Stephanie,Mills,alexandergary@example.net,Port Daniellestad,AK,2023-09-20 20:35:40
405,Jeffrey,Richardson,hdavis@example.org,Port Tinachester,IA,2024-02-26 08:16:22
406,Joanne,Tucker,rsimmons@example.org,Roberttown,AL,2023-05-11 22:09:22
407,Jessica,Jones,mariakelley@example.net,North John,CT,2024-01-29 20:40:06
408,Kevin,Beasley,xramos@example.org,Colemanborough,AR,2023-10-27 00:03:15
408,Kevin,Beasley,xramos@example.org,Brooksfurt,UT,2025-06-02 01:40:14
409,Hannah,Lyons,hmorgan@example.com,Torresland,MT,2022-09-10 14:53:38
410,Michael,Miller,vsavage@example.net,East Crystal,OR,2024-01-11 00:12:34
411,Sandra,Fritz,jenniferrodriguez@example.com,North George,WI,2024-08-09 09:20:20
412,Christian,Mccarthy,brettnovak@example.com,Rebeccamouth,HI,2024-05-23 03:13:42
413,David,Lewis,kathrynkidd@example.net,Edwardmouth,RI,2024-03-05 19:25:44
414,Diana,Baldwin,ywatkins@example.com,Beckyfort,NE,2022-10-13 15:15:07
415,Jennifer,Daniels,mritter@example.com,Lake Karen,PA,2023-10-09 13:54:21
416,Laura,Lewis,qthompson@example.org,Ramseyshire,WA,2023-06-03 02:43:06
417,Rachel,Ellis,vangjoseph@example.org,South Catherinefort,GA,2024-04-15 08:38:36
418,Jared,Love,robert02@example.net,East Kristina,MD,2022-12-27 16:55:04
419,Chelsea,Morgan,hollysherman@example.com,Cohentown,SD,2023-06-07 17:42:17
420,Kimberly,Crane,laura25@example.net,South Samuelport,TX,2023-12-07 07:43:41
421,Jason,Terry,dylanhudson@example.com,West Priscillatown,MS,2022-11-09 22:07:29
422,Heather,Duncan,zunigaraymond@example.org,Millermouth,NV,2024-04-27 17:36:15
423,Laurie,Mullins,amandapham@example.org,Justinstad,AZ,2023-01-15 08:47:55
424,Joe,Freeman,igonzalez@example.com,Kristopherhaven,IN,2023-02-08 12:09:27
425,Daniel,Griffin,christopher80@example.org,West Christopherstad,OH,2024-06-28 15:43:45
426,Peter,Wilson,sanchezamy@example.net,Lake Melissaview,NC,2023-02-23 20:21:08
427,Toni,Jensen,xrivera@example.com,Langport,ME,2024-03-05 04:50:12
428,John,Shaffer,odavis@example.net,Jamesbury,SD,2023-01-16 05:53:23
429,Michael,Ball,ewood@example.com,Jennahaven,OR,2024-01-05 10:30:41
430,Martin,Jackson,lorihawkins@example.net,Horntown,NV,2023-04-04 17:42:55
431,Samuel,Adkins,richardsholly@example.net,Port Marvin,SD,2023-09-20 17:18:08
432,Thomas,Reed,estafford@example.net,Lake Carolynview,CA,2023-10-05 10:57:21
432,Thomas,Reed,estafford@example.net,East Sonya,MT,2024-12-08 02:14:12
433,Antonio,Ingram,ddavies@example.org,Sheppardburgh,MT,2024-05-09 18:44:38
434,Nicole,Vasquez,williamsmary@example.com,Guzmanport,OR,2024-02-17 15:42:25
435,Erica,Barron,jerry02@example.org,Nunezmouth,AR,2022-11-05 06:15:03
436,Brandon,Buck,batesshannon@example.org,Hullland,TX,2024-02-26 05:21:52
437,Douglas,Kim,nbrown@example.org,Lake Andre,AZ,2023-04-04 17:23:31
438,Jennifer,Ellison,cward@example.net,South Michael,IL,2023-07-02 03:00:50
439,Thomas,Reilly,brooksaaron@example.com,Crystalshire,SD,2023-04-06 18:41:50
440,James,Clark,zcampbell@example.net,North Jacobport,AL,2023-12-13 17:21:26
441,Lacey,Thornton,katherinerobbins@example.com,Port Garymouth,PR,2023-10-27 05:07:15
442,William,Thompson,jharris@example.com,New Damonton,ME,2022-12-03 22:02:48
443,Cassie,Davis,rowechristina@example.net,South Angelastad,UT,2024-02-10 21:30:17
444,John,Thomas,karen94@example.net,Wilkinsonburgh,MD,2023-01-07 22:10:20
445,Christina,Mitchell,meyersmichele@example.net,Lake Dorothy,TN,2023-10-04 16:05:54
446,Lisa,Shaw,thomas24@example.com,Cookhaven,MS,2024-06-02 08:20:12
447,Carl,Stewart,rhondanovak@example.com,Taraview,FM,2024-03-25 19:00:13
447,Carl,Stewart,rhondanovak@example.com,East Jennifer,FL,2024-12-01 01:53:11
448,Jennifer,Wells,ocrane@example.com,Wrightchester,OR,2023-09-06 09:15:16
449,Alexis,Sanford,egibson@example.org,New Isaacmouth,IA,2023-04-14 09:30:36
450,Krystal,Lopez,osmith@example.com,Connorhaven,MH,2023-03-29 10:44:46
451,Heather,Johnson,zachary57@example.com,East Lori,SD,2023-09-22 21:36:31
452,Wanda,Trevino,wendyle@example.org,North Jeffreybury,PR,2024-04-29 07:24:55
452,Wanda,Trevino,wendyle@example.org,Baldwinmouth,SD,2025-01-16 23:17:51
453,Robert,Lam,matthewowen@example.org,West Michael,NV,2024-05-01 17:41:04
454,John,Smith,mckeeconnie@example.net,West Brianstad,PA,2023-05-31 07:36:12
455,Brian,Jimenez,cynthia38@example.org,Danahaven,RI,2024-03-19 02:10:53
456,Brittney,Smith,michaelhoward@example.com,New Eric,FL,2022-10-05 05:35:54
457,Pam,Hart,williscatherine@example.net,Port Jasonhaven,AS,2023-01-12 23:19:43
458,Carlos,Greer,charlesreyes@example.org,Lake Catherineburgh,GU,2022-11-04 10:54:27
459,Kevin,Miller,vhayden@example.net,Lake Debratown,WI,2024-01-06 12:07:37
460,Robert,Smith,michael85@example.org,South Danielletown,FM,2023-01-11 18:19:49
461,Katherine,Jacobs,westpamela@example.net,Tannerville,WV,2023-12-16 04:56:55
462,Rebekah,Maldonado,palmermatthew@example.net,Jordanton,OR,2023-12-22 13:48:43
462,Rebekah,Maldonado,palmermatthew@example.net,Amandafurt,WA,2025-03-21 08:46:13
463,Tina,Myers,rodriguezcathy@example.net,Riveraton,NJ,2024-03-16 17:30:10
464,April,Frye,christophergardner@example.com,Alexandraview,RI,2023-07-26 07:15:32
465,Brad,Jordan,wturner@example.com,Mooreport,SC,2024-03-26 13:44:52
466,Felicia,Smith,hornmichael@example.com,Taylorton,AZ,2023-02-09 03:43:27
467,Robert,Patterson,bserrano@example.net,New Krystal,IL,2024-02-21 03:36:21
468,Megan,Wyatt,eric25@example.net,North Sheilaville,KS,2023-08-25 13:28:01
469,Jerome,Davis,amason@example.net,West Erinchester,DC,2023-08-15 09:55:21
470,Cassandra,Mullins,mark67@example.org,Lake Kennethstad,SD,2022-10-03 23:56:25
471,Timothy,Wilson,bjensen@example.net,Wyattberg,WI,2022-09-19 17:07:41
471,Timothy,Wilson,bjensen@example.net,Zimmermanberg,OH,2024-12-01 11:43:50
472,Jacob,Edwards,xcastro@example.org,Jeanville,NV,2023-11-18 18:00:36
473,Meredith,Cole,gpeterson@example.com,North Michaelside,OR,2024-01-25 23:59:30
474,John,Ramos,contrerastracie@example.net,Lake Lawrenceland,HI,2023-09-27 16:47:59
475,Janet,Herring,andradederrick@example.net,Hayesberg,CA,2023-09-10 15:06:29
476,Todd,Davis,tammyspencer@example.org,Donaldside,UT,2024-08-10 23:14:52
477,Kimberly,Castaneda,raymond69@example.net,West Brian,PA,2022-12-02 23:14:07
478,Rachel,Kelly,stephenhardy@example.com,West Teresaville,SD,2023-06-04 21:58:07
479,Dustin,Neal,gregory38@example.com,South Dustin,WI,2023-12-26 06:29:36
480,Kristine,Phillips,ubrooks@example.net,New Anthonyville,CA,2023-06-17 12:16:21
481,Jeremy,Miller,jonespamela@example.org,Lake Williamview,ME,2024-02-24 15:00:31
482,Joy,Lucas,fmartinez@example.org,Brandontown,PA,2023-05-22 19:30:29
483,Savannah,Gonzalez,betty95@example.net,West Markberg,KY,2023-03-12 02:15:35
484,Rebecca,Graham,catherine37@example.org,Port Denise,AL,2024-01-31 06:51:57
485,Richard,Mitchell,perkinsveronica@example.org,West Mark,FM,2022-09-27 04:52:44
486,Leslie,Adams,colejoshua@example.net,West Sandraberg,OR,2024-06-23 14:22:07
487,Beverly,White,deborahstrong@example.org,North Richardchester,IL,2023-03-06 02:25:44
488,Sandra,Bennett,nicholas93@example.org,East Katelyn,OK,2024-06-04 11:41:07
489,Richard,Scott,christopherbarnes@example.org,East Johnview,UT,2023-06-17 06:33:51
490,Brian,West,harveysarah@example.com,North Carlosbury,TN,2022-12-02 14:27:58
491,Katie,Bishop,eric69@example.com,Summershaven,OK,2022-12-12 19:25:16
492,Mark,Hinton,johnsonlori@example.org,Port Christopher,UT,2024-06-01 23:36:35
493,Theresa,Sampson,mezaamanda@example.org,New Jessica,KS,2024-07-12 18:05:00
494,Laura,Schultz,maldonadolisa@example.org,Jamesville,WA,2023-04-27 12:27:15
495,William,Schneider,emilyolson@example.com,Juanberg,RI,2023-07-13 21:10:35
496,Jason,Shepard,john42@example.org,Lake Richard,TN,2024-03-15 06:53:27
496,Jason,Shepard,john42@example.org,Stephanieshire,CT,2024-10-29 18:03:05
497,Jamie,Gallagher,michael07@example.com,Brownville,NJ,2023-10-03 00:18:34
498,Erin,Wallace,oconnellsamantha@example.org,Rogerberg,MP,2024-02-01 06:04:12
499,Justin,Marshall,michaelwheeler@example.org,Smithhaven,AS,2024-02-16 20:00:45
500,Daniel,Jones,jennifer08@example.com,Gabrielleport,MT,2023-11-10 04:05:52
501,Timothy,Knight,amiller@example.com,Roachbury,NH,2024-06-23 14:21:14
502,Renee,Wilson,jholland@example.org,Rebeccaberg,OH,2022-11-04 23:35:37
503,Nicole,Colon,umoore@example.org,Brianport,KS,2023-03-12 15:26:24
503,Nicole,Colon,umoore@example.org,Hallmouth,MH,2025-05-18 06:14:19
504,Matthew,Salinas,stephanielawson@example.net,Timothymouth,MI,2023-09-20 15:47:52
505,Christopher,Davis,lesliewalker@example.net,West Connieview,DC,2023-07-19 00:13:55
506,Dylan,Dickson,ronaldbaker@example.org,South Kristin,NY,2024-05-25 08:49:39
507,Lindsey,Welch,vegalisa@example.com,New Michellebury,CT,2023-03-08 03:44:20
508,Stephanie,Mendoza,florestina@example.com,Martinezstad,SD,2023-01-08 18:52:00
509,Casey,Mcclain,jenniferho@example.com,West Harryberg,WV,2024-03-22 23:56:41
510,Elizabeth,Chapman,thompsonjay@example.net,Autumnland,NC,2023-08-20 14:56:30
511,Kristen,Thompson,jondoyle@example.net,West Danielle,AL,2024-07-07 00:05:12
512,Colin,Leonard,michellesimpson@example.com,Port Bettyport,AS,2024-01-13 06:57:18
513,Renee,Dudley,marybennett@example.org,North Paulmouth,MA,2023-10-01 15:08:13
514,Rebecca,Lambert,pamelastuart@example.net,Ricardoshire,PW,2024-05-27 21:01:28
515,Ashley,Copeland,rgibson@example.net,Julianshire,ID,2023-12-27 10:24:29
516,Sandra,Villarreal,lgay@example.com,South David,AK,2023-06-18 13:14:29
517,Kelsey,Pitts,gwallace@example.org,Lake Wendyburgh,PA,2023-02-07 04:51:25
518,Michael,Smith,diazjuan@example.net,Racheltown,PW,2024-06-01 03:22:19
519,Jorge,Guerrero,kashley@example.com,Port Larry,MH,2022-11-16 18:13:20
520,Jeremy,Herman,hnunez@example.net,Underwoodmouth,MN,2023-11-06 21:15:02
521,Kimberly,Kelly,krystalburgess@example.org,Garystad,AL,2024-03-29 21:01:24
522,Alicia,Anderson,victoria99@example.net,South Jessicaburgh,KS,2024-06-05 04:43:34
523,Leslie,Stevens,lespinoza@example.org,Robinsonside,KS,2024-01-01 15:33:02
524,Matthew,Brooks,lwalker@example.org,Longburgh,GA,2022-09-30 16:58:01
525,Andrea,Johnson,krista58@example.com,Port Selenachester,MN,2024-08-13 03:56:29
526,Kyle,Bonilla,nancyprice@example.net,Ashleyberg,PR,2023-10-02 14:15:39
527,Autumn,Larsen,scott15@example.org,South Robin,WI,2023-05-11 10:19:30
528,George,Dixon,mark76@example.org,Mclaughlinton,DE,2023-09-30 17:19:37
529,Michael,Moreno,patrickmann@example.com,Garciaborough,WY,2024-06-27 14:34:44
530,Mackenzie,Kelley,emily04@example.com,Yorkfort,WA,2023-06-10 09:14:17
531,Jessica,Robinson,englishrobert@example.org,South Sherryburgh,IN,2024-05-14 07:58:53
532,Michael,Reyes,ortegakatherine@example.com,East Christinefort,NY,2024-05-06 10:27:18
533,Carlos,Ortiz,meredith33@example.org,Diazchester,HI,2024-02-22 21:18:53
534,Benjamin,Williams,paulroman@example.net,Lake Cynthia,VI,2023-12-08 10:19:11
535,Shannon,Ellis,davidlynch@example.net,New Kevin,UT,2023-01-27 18:52:36
536,Julie,Smith,padillakelly@example.com,New Vanessashire,DE,2024-03-13 01:37:05
537,Tammy,Neal,megan62@example.net,East Glenn,VT,2023-05-23 22:03:34
538,Darryl,Johnson,diane10@example.com,Lake Leslieville,MT,2024-06-12 22:12:20
539,Timothy,Colon,hmoore@example.com,Barkerville,IL,2023-01-21 19:22:58
540,Christopher,Ross,williamsonmarie@example.com,South Matthew,FM,2023-09-05 07:05:29
541,Kathleen,Coffey,tracy20@example.net,Zacharytown,TX,2023-02-22 17:04:50
542,Michelle,Anderson,ejacobs@example.com,Chadberg,AR,2023-01-19 01:00:00
543,Victoria,Hill,adamsjames@example.net,Port Gabriel,KY,2022-12-11 14:05:07
544,Melissa,Benson,hdavidson@example.net,Benjaminstad,MO,2023-05-19 14:58:11
545,Tiffany,Smith,danasmith@example.org,Whiteview,SC,2024-07-16 08:03:45
546,Deborah,Dunn,earl71@example.com,Marystad,OR,2023-06-11 16:16:24
547,Lisa,Hoover,mlowe@example.com,Port Katherinemouth,PW,2023-01-31 06:40:40
548,Scott,Williams,catherine42@example.org,East Davidhaven,VA,2022-09-23 06:06:08
549,Jason,Gutierrez,rodriguezerica@example.com,Weissburgh,NJ,2023-05-07 05:33:21
549,Jason,Gutierrez,rodriguezerica@example.com,Taraville,MT,2025-07-29 16:44:06
550,Antonio,Kennedy,wbryant@example.net,North Casey,CO,2023-04-09 00:38:22
551,Cynthia,Gonzalez,freemanjames@example.org,Bellville,NY,2023-01-05 04:00:20
552,Crystal,Crosby,jonathan17@example.org,Lake Teresaville,WY,2022-10-23 05:08:48
553,Daryl,Brown,kayla32@example.net,Lake Erin,IA,2023-10-05 06:56:31
554,Ann,Fields,lauracharles@example.org,Port Corey,MP,2023-02-02 20:45:39
555,Mary,Vazquez,jeremiahedwards@example.net,Jacobbury,SC,2024-06-20 13:03:35
556,Susan,Allison,awilliams@example.com,East Troymouth,MI,2024-01-02 01:34:22
557,Cynthia,Landry,hollysmith@example.net,Herreraton,IA,2023-06-05 04:18:11
558,Brian,Smith,markgarner@example.org,East Samuelton,GA,2024-01-15 23:53:09
559,Anthony,Madden,franciscorodriguez@example.org,Lewisburgh,RI,2024-01-22 18:25:04
560,Jennifer,Henderson,romerorobert@example.net,Williamview,DC,2023-12-28 06:29:44
561,Yesenia,Camacho,mason67@example.net,New Danielberg,GA,2023-08-16 06:18:01
562,Sandra,Morgan,teresatrevino@example.com,Brettview,KY,2023-09-04 13:05:04
563,Jamie,Holland,jennifersanchez@example.org,Garrettton,NJ,2024-04-21 21:42:12
564,Renee,Guerrero,ajohnson@example.com,East Gwendolynland,NY,2024-02-27 16:55:40
565,Chad,Nichols,cschmidt@example.org,Cortezmouth,IN,2023-02-07 10:28:01
566,Jennifer,Davis,christopherjackson@example.org,Bautistaville,GU,2024-01-19 15:27:23
567,Steven,Hill,campbellphilip@example.com,Reynoldstown,ME,2024-03-08 22:00:59
568,Mary,Thomas,hallolivia@example.org,Jamesfurt,MO,2024-03-05 06:47:04
569,Christine,Bates,ecruz@example.com,East Dennis,OK,2023-04-03 15:13:11
570,Sherry,Edwards,xramirez@example.com,Destinymouth,CA,2024-04-30 22:34:36
571,William,Bradley,denisemoore@example.org,Coxhaven,UT,2023-01-18 05:26:36
572,Tina,Bradley,matthew57@example.org,Monicaland,GA,2022-10-12 02:46:09
573,David,Reed,benjaminkevin@example.net,Gregoryside,ND,2022-09-01 02:26:39
574,Brian,Davis,caseyhiggins@example.org,West Jamesfurt,VI,2022-09-17 08:56:51
575,Sarah,Alexander,sabrinaanderson@example.com,Barbaramouth,MT,2023-08-21 18:58:31
576,Tracy,Smith,warrenwilliam@example.net,Lawrenceport,GU,2023-01-16 10:43:06
577,David,Tyler,mirandasandy@example.com,North Annashire,IA,2022-09-25 16:43:53
578,Shawn,Lopez,sharon46@example.org,New Coltonport,AK,2023-10-01 14:14:48
579,Robert,Miller,ezamora@example.org,Smithville,GA,2023-10-15 06:28:08
580,Steven,Zuniga,wbailey@example.com,Port Barbara,VT,2022-08-30 05:00:13
581,Douglas,Hensley,jonathanrice@example.com,South Fred,UT,2023-03-20 08:53:24
582,Brittany,Powell,evansangela@example.com,Ashleyside,IA,2023-07-12 02:17:47
583,Tracy,Fry,chavezkaren@example.com,Davidshire,UT,2024-07-09 08:27:19
584,Yvonne,Roberson,melvindeleon@example.org,Port Kimberly,MH,2024-03-10 21:39:44
585,Linda,Torres,gilescurtis@example.net,North Tracie,NH,2024-05-24 21:06:30
586,Kaitlyn,Wilson,jenkinselizabeth@example.org,Meyerfort,AS,2023-01-21 06:20:35
587,Jennifer,Evans,poncejulie@example.com,Greenfort,KY,2023-11-03 03:31:18
588,Christopher,Flores,fharris@example.net,Jarvisburgh,AZ,2023-01-13 07:55:14
589,John,Brown,sthomas@example.com,West Kyle,DE,2023-01-04 10:54:19
589,John,Brown,sthomas@example.com,Williamton,WY,2024-11-21 05:52:22
590,Melissa,Floyd,gina68@example.org,Floresburgh,NE,2023-03-22 19:59:47
591,Brett,King,ralph07@example.com,New Catherineton,SD,2024-02-09 08:53:26
592,Jillian,Cook,jennifer62@example.net,Lake Austinton,FM,2022-11-26 14:20:28
592,Jillian,Cook,jennifer62@example.net,Patricktown,VI,2025-07-23 12:49:48
593,Carla,Parker,briannelson@example.net,Ericahaven,TX,2024-03-06 01:06:40
594,Joshua,Montoya,christinelopez@example.org,Randyborough,OH,2023-03-10 20:56:48
595,Melissa,Smith,samantha22@example.org,North Samantha,VI,2023-11-08 17:01:38
596,Anthony,Owen,bmurphy@example.org,Brittanyton,GU,2023-06-25 18:30:41
597,Carol,Arroyo,jasonbrady@example.org,Angelicastad,IA,2022-11-01 02:59:57
598,John,Thompson,roydaryl@example.net,New Eric,GU,2023-04-08 05:12:47
599,Jamie,Farmer,lucasevans@example.org,Andrewside,KS,2023-07-22 00:49:42
600,Hannah,Sparks,eholland@example.com,Erinshire,DE,2023-06-21 00:21:47
601,Bill,Watts,tpham@example.com,Joshuashire,NJ,2022-11-07 19:12:28
602,Steve,Williams,ihopkins@example.com,East Annetteton,ID,2022-12-13 03:20:04
603,Carol,Trevino,baileyryan@example.net,Owensburgh,UT,2024-01-17 22:02:03
604,Kathryn,Gibbs,scott36@example.net,Lake Michael,IL,2023-08-29 12:18:16
605,Charles,Marks,linda10@example.net,Angelicaborough,NC,2024-07-13 18:43:08
606,Amber,Wiggins,ldavis@example.com,Port Melissaberg,CA,2024-08-02 10:09:14
607,Chad,Trujillo,shawn02@example.com,East Taylor,MI,2024-05-01 15:03:20
608,John,Rodriguez,weisscameron@example.org,Josebury,MA,2023-07-08 06:41:56
609,Andrew,Henry,april60@example.org,Lindaland,CO,2024-01-17 17:17:27
610,Emily,Waller,elizabethjohnson@example.org,New Briana,WI,2023-11-05 12:58:26
611,Melissa,Garrett,pettyanne@example.net,Robertoburgh,RI,2023-04-29 19:09:10
612,Sue,Smith,moranmichael@example.org,Nguyenland,DC,2023-06-10 18:22:16
613,Craig,Long,brianflores@example.net,West Justinbury,RI,2023-05-25 15:03:55
614,David,Mills,banksdanielle@example.com,Taylorborough,AZ,2022-12-08 05:51:26
615,John,Moore,abigailkim@example.net,Lake James,SD,2024-03-17 08:02:15
616,Mallory,Johnson,sarahwhite@example.org,Carterbury,GU,2024-03-12 00:30:29
617,Christina,Bush,martindavid@example.com,Moyershire,MS,2023-04-01 19:59:05
618,Andrew,Carson,courtneygraham@example.com,New Nicole,AL,2022-12-05 09:49:55
619,Steven,Glover,houstoncesar@example.net,South Seanchester,PR,2023-04-05 04:20:56
620,Julie,Wood,michael20@example.org,Mariahberg,WA,2022-10-15 06:10:52
621,Priscilla,Johnson,williamscarrie@example.org,New Joshuaport,TX,2024-01-20 12:29:40
622,Andrew,Wilson,fwright@example.net,New Natalie,CA,2022-12-03 22:34:54
623,Christopher,Harris,bryan25@example.com,West Charles,SC,2023-05-10 12:18:41
624,Kristine,Gordon,madisoncampbell@example.org,Phillipsview,NC,2023-10-19 11:57:24
625,James,Smith,katherine04@example.net,West Anna,ME,2023-04-21 11:39:32
626,Jessica,Johnson,clarkedavid@example.net,Justinton,NH,2024-08-18 07:22:47
627,Brian,Boone,santanajamie@example.net,Eduardomouth,MN,2023-11-01 13:29:19
628,Robin,Gomez,damongarcia@example.com,South Robertmouth,AK,2024-07-16 16:41:52
628,Robin,Gomez,damongarcia@example.com,Phillipbury,NY,2025-05-09 23:46:27
629,Adam,Owens,bethanyroberts@example.org,Walterfurt,NM,2023-10-29 05:28:09
630,Carlos,Stone,stacy36@example.net,Thomasside,MT,2023-07-12 08:26:12
631,April,Ray,rlee@example.net,Lucerobury,SC,2024-03-17 19:15:26
632,Derrick,Walsh,wheelerbrenda@example.com,Lake Michaelafurt,MH,2022-08-24 17:21:00
633,Paul,Beasley,yeseniajordan@example.net,Jorgeberg,NE,2023-10-15 01:43:01
634,Jennifer,Bonilla,brownjason@example.org,Kathleenfurt,WA,2023-11-03 21:15:19
635,Laura,Cole,fcarter@example.com,East Jacquelineshire,NE,2023-11-04 21:17:25
636,Stephanie,Ali,davidguzman@example.com,Jacobhaven,NY,2022-12-18 18:32:15
637,Corey,Hunt,duncanmichelle@example.com,Myersside,PR,2022-12-18 08:19:54
638,Kendra,Wells,hwillis@example.com,Arellanobury,OH,2024-03-20 12:05:02
639,James,Martin,kevingibson@example.net,Sharonstad,FM,2024-08-10 03:38:04
640,Daniel,Callahan,tanyamontgomery@example.com,North Richard,HI,2023-03-11 04:35:04
641,Angela,Boyd,craigwelch@example.com,Jessicabury,PA,2023-07-10 07:49:42
642,Phillip,Glass,richardsrobert@example.net,Walshfurt,CO,2024-05-18 13:46:17
643,Carla,Blair,hannah30@example.org,West Michael,OR,2023-08-13 01:34:44
644,Joshua,Lewis,thompsonroy@example.com,Coreyfort,MA,2023-12-29 14:17:58
645,Brianna,Williams,moyerdawn@example.net,Welchbury,MD,2024-05-16 06:45:55
646,Jonathan,Brown,qsims@example.com,Port Melissa,ID,2022-09-04 21:37:51
647,Margaret,Evans,warnercody@example.com,Marissachester,CT,2023-05-09 09:04:28
648,Heather,Cole,nicholas12@example.org,Port Robert,NV,2024-07-17 08:33:33
649,Cynthia,Scott,benjamin60@example.com,South Elizabeth,ND,2023-09-07 17:39:47
650,Michael,Buck,allenbrennan@example.net,Lake Barbaraville,VI,2022-11-30 16:30:48
651,Hannah,Lara,jonesmichael@example.com,West Samanthaberg,ND,2023-09-25 16:04:46
651,Hannah,Lara,jonesmichael@example.com,Port Stacy,MN,2025-05-18 07:52:59
652,Daniel,Burns,catherinetrevino@example.com,West Alexandriastad,WV,2024-06-04 06:08:27
653,Kevin,Mccarthy,richardwillis@example.org,West Georgefort,MA,2023-02-01 07:06:50
654,Christina,Anthony,amy70@example.com,Port Amanda,FL,2023-04-29 01:10:20
655,Jessica,Snyder,jacqueline25@example.net,Andrewland,PA,2024-03-04 12:50:49
656,Kimberly,Marquez,dmiller@example.net,South Marie,WI,2023-02-02 17:18:39
657,Raymond,Stafford,austinmckenzie@example.com,Daviston,HI,2023-07-09 20:23:23
658,Patrick,Ferguson,murraydonna@example.com,North Samuel,VI,2023-12-19 23:55:59
659,Sara,Donovan,changdawn@example.com,West Carla,TX,2024-02-26 12:35:18
660,Shawn,Byrd,henrybrittany@example.org,Jeffreystad,MD,2022-11-07 03:40:52
661,Hunter,Jackson,oneilljennifer@example.org,East Pamhaven,NM,2024-03-25 12:39:20
662,Elizabeth,Burton,delgadokimberly@example.com,East Moniqueborough,WY,2024-06-02 17:44:45
663,Troy,Davis,kennethlopez@example.org,Port Kaylaville,HI,2022-10-12 02:45:30
664,Eric,Rodriguez,jamesstevenson@example.net,Kennethhaven,VT,2024-08-08 05:46:40
665,Sherri,Scott,kellygarcia@example.com,West Donaldchester,AZ,2023-02-25 00:27:01
666,Robert,Richardson,daykristina@example.com,Millershire,MO,2023-01-21 22:14:41
667,Leah,Quinn,canderson@example.net,New Ellen,MP,2023-08-14 20:55:52
668,Jessica,Williamson,abrown@example.net,South Thomas,ME,2023-08-17 11:49:40
669,Ryan,White,anita91@example.net,Seanport,MS,2023-06-11 13:24:49
670,Richard,Orr,juan74@example.com,Lucasmouth,MN,2024-08-01 10:15:46
671,Carlos,Murray,mferguson@example.com,Lake Stacyburgh,AZ,2022-09-07 06:50:46
672,Joshua,Carroll,mlopez@example.net,New Joseph,WA,2024-04-20 20:18:17
673,Samuel,Robbins,mary56@example.com,Kevinbury,VI,2023-07-26 05:04:05
674,Noah,Stuart,graylinda@example.org,Terrymouth,OK,2022-10-10 10:57:05
675,Patrick,Hickman,nicole06@example.com,Morrisontown,IN,2024-07-02 12:02:57
675,Patrick,Hickman,nicole06@example.com,Nashchester,WV,2024-08-28 14:28:55
676,Frank,Henson,hoodtiffany@example.com,South Carlburgh,CT,2024-01-31 06:28:24
677,Bryan,Jackson,zburnett@example.net,Thompsonborough,NH,2024-06-29 18:26:50
678,Tracey,Francis,mark72@example.net,Stephenland,TX,2024-01-27 18:49:01
679,Juan,Bailey,epruitt@example.org,Gutierrezborough,LA,2023-01-08 07:36:57
680,Cathy,Boyer,donaldhughes@example.org,Ramirezborough,UT,2024-08-11 10:15:24
681,Shawn,Whitaker,uwallace@example.net,South Vickibury,MP,2024-05-18 00:58:07
682,Gabriel,Rodriguez,ycarrillo@example.com,North Feliciamouth,OH,2023-07-16 18:10:04
683,Mitchell,Powers,thomasthomas@example.org,New Tami,MD,2024-02-05 09:49:30
684,Tonya,Smith,juliacastro@example.net,West Dianefurt,MD,2023-08-06 11:31:14
685,Rebecca,Liu,catherinewest@example.org,South Brent,IA,2023-10-22 22:11:52
686,Ruth,Gallagher,ryanshah@example.com,Normanfurt,NV,2024-04-11 02:01:41
687,Larry,Reyes,ryanmurphy@example.com,Lake Charles,NJ,2022-10-28 19:48:46
688,Karen,Cline,pbriggs@example.com,Smithchester,NC,2022-12-03 16:21:36
689,Daryl,Washington,yvonnekoch@example.com,New Sally,PA,2024-05-18 05:21:27
690,Charles,Barr,sharon92@example.com,North Ryanchester,PR,2023-11-01 10:53:27
691,Brittany,Spears,ltaylor@example.net,New Davidmouth,IA,2023-12-03 12:37:13
692,Brian,Alvarez,brent65@example.com,West David,IA,2023-12-25 19:57:56
693,Tina,Flores,geraldcasey@example.org,Lake Craig,TX,2024-06-12 03:43:45
694,Lisa,Knight,farrelljon@example.net,Jamesshire,MN,2023-12-27 17:20:31
695,Holly,Arnold,scott72@example.net,East Juliemouth,ND,2022-10-06 20:11:39
696,Jennifer,Williams,sanderspaul@example.org,Port Stacy,DC,2023-12-07 14:48:01
697,Stephanie,Hernandez,katherinekelly@example.com,South Kayla,MN,2023-09-13 14:52:02
698,Victoria,Allen,lbowers@example.org,Skinnerborough,DC,2024-03-20 02:35:06
699,Keith,Jenkins,kellykeith@example.com,Murphymouth,OH,2024-06-28 06:55:21
700,Lawrence,Spencer,williamclark@example.com,Boltonville,NM,2023-01-09 03:43:46
701,Robert,Fuentes,ian75@example.com,Lake Williamberg,FM,2023-04-25 05:00:02
702,Sharon,Davis,seth87@example.org,Port Jorge,MH,2023-09-06 19:32:10
703,Christina,Cruz,upennington@example.net,Lake Thomas,TX,2023-08-28 03:57:18
704,Karen,Montgomery,steven46@example.com,Mcbrideshire,ND,2023-01-19 15:58:12
705,Mitchell,Charles,juan49@example.net,Deborahstad,ME,2023-01-28 22:48:57
706,Virginia,Logan,penamichael@example.com,North Elizabethchester,UT,2023-01-27 15:27:45
707,Garrett,Morris,natashacastro@example.net,Michaelberg,MI,2023-09-04 00:41:18
708,Angela,Maldonado,douglasrussell@example.org,East Donnaville,OR,2023-03-17 15:30:45
709,Carolyn,Walker,nbarnes@example.net,North Austintown,MD,2023-09-12 14:42:00
710,Paula,Smith,dawsonstephen@example.org,South Richard,NH,2024-07-12 13:37:11
711,Joseph,Anderson,nicholas98@example.net,Griffintown,FM,2022-08-27 01:56:21
712,Angela,Price,tami72@example.net,Oliviatown,AL,2024-07-30 03:43:43
713,Alexandria,Taylor,emccarthy@example.com,West Matthewport,IA,2024-02-06 22:58:37
714,Maria,Allen,jordanbrown@example.org,Sanchezchester,DC,2024-07-05 02:43:52
715,Richard,Mathews,williamsmichael@example.org,North Davidburgh,CA,2023-05-27 12:44:20
716,Scott,Hampton,pmitchell@example.com,South Kim,GU,2024-07-14 06:10:55
717,Austin,King,brooksdavid@example.net,Port Julie,CO,2023-03-12 18:44:30
717,Austin,King,brooksdavid@example.net,East Daniellehaven,SD,2024-12-15 14:50:51
718,Manuel,Sanders,whernandez@example.net,South Yvonne,DC,2024-03-10 17:50:57
719,Mark,Thompson,sara98@example.com,East Deanview,UT,2024-05-15 16:59:53
720,Kim,Juarez,mcoleman@example.net,Tracyburgh,DC,2024-01-03 22:04:12
721,Edward,Byrd,richard13@example.com,Gravesville,TX,2024-06-28 13:40:11
722,Michael,Harper,millerjoseph@example.com,East Susan,MO,2023-08-17 20:21:56
723,Lisa,Thompson,rgarcia@example.net,Bushland,PR,2023-09-24 07:56:26
724,Elizabeth,Nelson,simonmiguel@example.net,Sharonview,MA,2023-05-07 11:23:23
725,Oscar,Garcia,qrobbins@example.com,East Amy,FL,2022-12-03 22:09:50
726,Tyler,Harrison,preston70@example.org,Port Timothyville,RI,2022-09-28 14:27:15
726,Tyler,Harrison,preston70@example.org,Livingstonfurt,DC,2024-12-14 05:15:58
727,Denise,Huerta,wendy54@example.net,South Timothychester,NE,2022-11-27 22:39:04
728,Amanda,Brooks,sanderspaul@example.org,New Garrett,ND,2024-07-14 00:17:25
729,Austin,Carter,thomas81@example.com,East Brandon,MO,2022-11-19 23:37:00
730,Justin,Bailey,howardlisa@example.net,North Elijahhaven,ND,2023-03-20 14:45:06
731,Brian,Mullins,david96@example.com,Alvaradomouth,CA,2022-10-13 20:56:32
732,Lawrence,Garza,steve09@example.net,New Shannon,PA,2023-11-29 10:02:32
733,Wendy,Olson,mcmahonelizabeth@example.com,East Kelly,PR,2023-12-08 13:13:17
734,Jose,Brown,deborah94@example.org,Julieberg,NH,2024-08-14 19:35:59
735,Brandon,Fox,aarmstrong@example.com,Port Meghan,WV,2024-08-11 17:52:46
736,Jacob,Fletcher,angelatodd@example.com,South Wesley,AS,2023-06-10 19:25:53
736,Jacob,Fletcher,angelatodd@example.com,Brandonburgh,AK,2025-03-25 08:52:56
737,Erika,Butler,nhoffman@example.com,Ortizton,WI,2023-08-12 15:29:12
738,Karen,Hopkins,tonyserrano@example.com,Port Denise,AS,2024-05-05 13:13:14
739,Amanda,Browning,kelly50@example.com,Georgeview,GU,2024-01-25 10:55:23
740,Sherry,Harris,eerickson@example.org,East Audreyland,NE,2023-08-29 10:22:43
741,Joshua,Stanley,wstanton@example.com,New Morgan,FL,2024-08-12 01:52:40
742,Amanda,King,jerryli@example.net,East Aaron,IA,2023-11-09 08:48:42
743,Courtney,Hinton,calvinross@example.com,New Megan,OK,2024-03-10 06:20:02
744,Troy,Haas,jmiles@example.org,Lake Taylorton,SC,2023-03-14 08:42:22
744,Troy,Haas,jmiles@example.org,Jamieberg,ID,2025-07-16 10:07:49
745,Christie,Foster,rebecca29@example.net,Lake Andreafurt,NM,2023-09-01 19:43:21
746,Leah,Bell,bnelson@example.com,Danielhaven,MO,2022-09-16 03:57:32
747,Jonathan,Price,miranda72@example.org,New Rebeccaberg,WV,2024-01-27 10:16:00
748,Kristen,Frost,jonespamela@example.org,Port Scott,MS,2023-03-14 07:00:56
748,Kristen,Frost,jonespamela@example.org,Port Debbie,GU,2024-11-21 17:29:18
749,Morgan,Bright,jgarcia@example.org,Browntown,MP,2022-10-23 10:41:24
750,Lisa,Arellano,larry97@example.net,North Timothy,WA,2023-10-16 11:31:53
751,Keith,Whitaker,nicole30@example.com,Emilystad,VI,2023-07-15 16:14:59
752,Nicholas,Fowler,gallaghercaitlin@example.net,Tuckerstad,VA,2022-12-04 12:46:00
753,Mark,Ellis,conniewebster@example.com,Heatherport,KS,2024-04-05 22:10:38
754,Sara,Sharp,robert32@example.org,Robertton,IA,2022-10-27 10:16:21
755,Blake,Nguyen,natalieortiz@example.com,East Michael,AK,2022-10-07 09:05:11
756,Calvin,Ramirez,hansoncorey@example.net,West Teresaport,DE,2022-11-08 10:17:24
757,Stephen,Townsend,prattcraig@example.net,Johnside,CO,2023-04-01 21:20:23
758,Aaron,Moody,courtneyskinner@example.org,West Elizabethfurt,NC,2024-03-01 03:37:13
759,Timothy,Williams,arice@example.org,Kimberlyview,OH,2024-03-26 00:09:25
760,Angela,Williams,joseph93@example.org,Burnschester,KS,2023-09-13 06:55:03
761,Joseph,King,nrose@example.com,Janicehaven,MA,2024-07-18 05:34:19
762,Taylor,Rogers,angela32@example.com,East Aaron,ID,2024-05-15 10:25:47
763,Morgan,Baker,bautistagary@example.org,North Loriland,MN,2024-01-07 13:02:03
764,Benjamin,Bautista,princedavid@example.net,New Theodore,PR,2023-12-15 22:17:23
765,Rebecca,Brown,hamiltondiane@example.com,Aaronstad,PA,2023-03-25 09:57:05
766,Carla,Sullivan,sheltonpatricia@example.com,Kaiserview,FM,2022-11-06 02:03:35
767,Laura,Krause,brittanybrandt@example.net,Stacyton,MO,2023-06-28 09:28:59
768,Danielle,Shaw,matthewlee@example.org,Josephside,AL,2022-10-27 20:47:25
769,Tara,Curry,wandamay@example.com,Port Sethland,MP,2022-11-12 22:35:49
770,Dean,Serrano,brianbowman@example.org,North Dustin,CA,2024-05-27 12:46:16
771,Megan,Lamb,mariemorales@example.com,Port Michaelfort,IA,2024-06-14 03:07:10
772,Dustin,Ellis,hlewis@example.com,West Kelly,KS,2023-02-23 05:00:54
773,Diana,Sutton,hernandezemma@example.net,West Kristiestad,DC,2024-08-16 14:22:12
774,Melissa,Bradford,schneiderkathy@example.com,New Stephen,GU,2023-04-01 15:46:08
775,Dylan,Collins,wolfemichael@example.com,East Ryanland,TN,2023-08-05 15:04:49
776,Brittany,Cline,maryparker@example.org,Hortonborough,AZ,2023-12-18 10:12:46
777,Randy,Carter,sandrapowers@example.org,New Chadhaven,NY,2022-11-25 10:17:43
778,Justin,Kelly,joshua46@example.org,Frostview,MP,2023-12-14 11:42:41
779,Mark,Morales,toddhampton@example.org,Richardshire,TX,2022-10-05 13:26:17
780,Matthew,Allen,drichardson@example.com,Harryhaven,LA,2024-01-11 22:49:17
781,Robert,Prince,gentrybrandon@example.com,Glennshire,RI,2023-03-24 05:23:18
782,Brett,Dennis,btorres@example.net,North Juanville,NJ,2022-09-10 13:25:27
783,Michelle,Andersen,fblackwell@example.com,South Adamstad,VI,2022-09-23 16:04:56
784,Pamela,Evans,antonio78@example.com,South Michelle,MP,2024-03-13 20:20:20
785,Brenda,Lopez,vchavez@example.net,West Andreaville,KY,2024-07-21 14:13:56
786,Wendy,Weiss,ubrown@example.com,Leonardland,MH,2022-11-19 04:58:07
787,John,Haynes,thomas08@example.com,Phelpsport,MH,2023-08-02 06:53:49
788,Luke,Perez,maldonadojessica@example.org,North Jessica,WA,2024-01-08 07:11:41
789,Jeremiah,Carter,douglasreyes@example.net,Hernandezburgh,NE,2023-01-07 04:56:50
790,Nancy,Robinson,cynthiasmith@example.com,Port Danielleview,DE,2023-01-28 02:27:26
791,Dakota,Wong,samantha69@example.net,Cohenstad,PW,2024-05-23 18:01:38
792,Francisco,House,benjamin16@example.net,South James,OK,2022-11-13 14:06:45
793,Kelsey,Bell,steven01@example.com,Wallacetown,GA,2023-02-09 06:05:04
794,Timothy,Chambers,michael08@example.com,North Brandonland,PR,2022-11-02 00:32:52
795,Alicia,Peters,yblackburn@example.net,North Amanda,MS,2022-08-31 07:29:49
796,Elijah,Walter,emily76@example.net,Kimberlystad,VA,2022-09-03 15:51:06
797,John,Lopez,kevindennis@example.org,Cookport,KS,2022-12-14 14:44:36
798,Todd,Hester,ashleyphillips@example.net,Nancyborough,WA,2022-09-10 12:24:25
799,Stephanie,Meyer,leslievalencia@example.net,Jordanport,OK,2023-02-25 01:07:07
800,Angel,Hall,allenjennifer@example.net,Port Amychester,MD,2023-01-07 06:25:49
800,Angel,Hall,allenjennifer@example.net,Paigeborough,VA,2025-04-12 11:24:04
801,Brooke,Gallegos,lauraedwards@example.net,Lindabury,OR,2023-07-29 03:47:14
802,Robert,Huff,zacharyweiss@example.org,East Ashley,CO,2024-05-06 14:50:05
803,Shirley,Miller,robert54@example.net,Williambury,IL,2022-10-20 03:45:06
804,Christine,Bell,yflores@example.org,Port Anthonychester,CT,2022-12-31 07:42:56
805,Samantha,Henderson,kbrown@example.net,East Aaron,OR,2023-06-29 15:05:56
806,Taylor,Munoz,kford@example.org,Downsborough,KY,2024-07-28 16:07:55
806,Taylor,Munoz,kford@example.org,Lake Rickyside,MO,2025-08-06 02:24:15
807,Rhonda,Smith,vfigueroa@example.com,Carrieland,TX,2023-10-27 06:53:19
808,Jennifer,Park,tina88@example.com,Hamiltonside,NH,2023-03-29 18:26:57
809,Cynthia,Medina,zwheeler@example.net,East Brian,KS,2023-09-05 01:48:00
810,Julian,Oliver,derekfinley@example.com,Lake Danielle,DE,2024-07-31 17:37:40
811,Carl,Rodriguez,ismith@example.org,Lake Monicabury,DC,2024-05-28 13:06:35
812,Patrick,Weaver,rebeccajones@example.org,New Amberview,AL,2023-11-05 18:40:20
813,Alexander,Heath,goodwintodd@example.org,Lake John,CT,2023-06-07 06:19:08
814,Yvonne,Rose,brandonbell@example.net,Normanside,NH,2022-12-19 01:50:03
815,Jill,Boyd,lisahayes@example.net,Lake Christina,DC,2024-03-07 22:22:27
816,Nicole,Clark,whitney34@example.com,North Jamesberg,TX,2022-09-06 00:10:02
817,Matthew,Jackson,qproctor@example.com,Port Dustinside,RI,2023-11-24 09:12:33
818,Nicole,Bennett,perkinsgregg@example.net,Sarachester,IL,2022-12-26 19:31:58
819,Kelly,Jacobs,zwilliams@example.net,Jasonhaven,IL,2023-07-21 19:39:44
820,Paula,Avery,annapatterson@example.com,Audreyfurt,MO,2023-06-24 00:53:57
821,Christopher,Mercado,parksjessica@example.org,Sullivanville,NJ,2024-07-10 00:59:28
822,Laura,Jenkins,amanda78@example.net,Lake Anita,MH,2023-12-19 14:32:12
823,Andrea,Chan,james81@example.net,North Tracy,GA,2023-04-17 16:13:53
823,Andrea,Chan,james81@example.net,South Johnland,VT,2024-08-25 03:14:54
824,Kimberly,Jones,cody57@example.com,New Michelle,SC,2024-07-24 15:31:25
825,Kristi,Rubio,tuckerchristian@example.net,Courtneyton,MP,2023-01-30 16:51:11
826,Steven,Benson,sandra67@example.org,Fernandezfort,CA,2023-11-24 04:19:33
827,Brian,Livingston,nicoleoconnell@example.net,North Dalton,OK,2024-02-22 11:12:09
828,Douglas,Miller,adam59@example.org,Markland,MD,2023-07-20 10:24:06
829,Mark,Martin,jfitzgerald@example.com,Elizabethtown,NC,2023-04-23 11:00:03
830,Bradley,Clark,bruce19@example.com,Port Rachelfurt,NC,2024-05-29 17:03:52
831,Linda,Alexander,vjohnson@example.net,Lake Cynthiastad,NY,2022-09-12 04:16:00
832,Patrick,Green,emmacook@example.net,Barrettmouth,DE,2023-08-07 20:20:00
833,Joseph,Brown,erica47@example.org,Atkinsonville,NJ,2024-07-31 07:03:36
834,Jonathan,Odonnell,brianwatson@example.org,Lake Donna,FM,2023-10-03 17:21:31
835,Cynthia,Flores,clara@example.com,Fieldsmouth,AL,2023-06-16 20:46:43
836,David,Pacheco,cartermary@example.org,Murphyburgh,AS,2022-09-21 21:49:54
837,Joshua,Brock,kimberly44@example.net,Lake Eileenside,WV,2023-11-19 15:41:32
838,Angela,Lopez,ajames@example.com,Jessicafort,MN,2024-03-24 20:04:06
839,Ashley,Jones,bhill@example.com,Davidmouth,VI,2022-12-15 13:58:59
840,Dan,Smith,kimberly19@example.net,Jeffreymouth,GA,2024-07-07 22:10:57
841,Jennifer,Perez,brandonwood@example.net,Thomasville,CT,2022-10-05 20:50:39
842,Donald,Richards,melissa64@example.net,South Chad,CO,2024-01-11 16:08:02
843,Cynthia,Dodson,michael49@example.com,Johnsonport,MO,2024-04-05 08:55:11
844,Stephanie,Hunt,john41@example.org,East Kevinport,PA,2023-09-28 14:36:26
845,Jessica,Farley,hallelizabeth@example.org,Jenniferland,VA,2023-05-03 22:44:22
846,Joyce,Shaw,zsmith@example.com,Port Markfort,MT,2024-07-21 14:57:29
847,Keith,Schneider,erin68@example.org,Angelahaven,OR,2023-09-01 12:40:58
848,Monica,Escobar,hayneskimberly@example.com,East Lauraland,MA,2023-08-01 02:32:39
849,Jonathan,Durham,ganderson@example.net,South Paultown,CO,2024-04-02 13:54:09
850,Drew,Henson,michaela89@example.com,Dominicberg,TX,2024-02-12 06:56:29
851,Patrick,Carter,suemcdonald@example.com,New Michelle,TN,2023-05-29 16:08:42
852,Christopher,Byrd,alexandrabenson@example.net,Kellychester,NC,2024-06-17 23:40:36
853,Jesse,Griffin,adamrodriguez@example.org,Veronicafurt,WV,2023-12-05 00:46:24
854,Dennis,Fletcher,troy28@example.org,Port Nancy,GU,2023-01-15 16:26:12
855,Taylor,Davis,allisonliu@example.org,Amyton,AZ,2023-01-21 16:39:36
856,Erica,Miller,susanschroeder@example.net,Jamesshire,IN,2024-04-30 19:32:52
857,Sean,Stephenson,griffinkyle@example.com,Thomasport,CA,2024-07-18 06:52:08
858,Roberta,Adkins,brewerbrittany@example.com,Maryfort,PW,2023-02-07 08:12:38
859,Gavin,Davis,williamgreen@example.org,New Lisa,MD,2023-08-01 19:44:55
860,Steven,Hawkins,timothy15@example.com,East Jenny,SC,2023-06-14 16:40:07
861,Dennis,Rhodes,leepreston@example.org,Ritastad,MP,2023-04-08 09:43:10
862,Patricia,Davis,rharper@example.org,Ericamouth,OH,2022-10-23 05:00:43
863,William,Sullivan,richard52@example.org,West Edward,NE,2023-03-31 10:14:04
864,Thomas,Villanueva,smithjohn@example.org,South Daniel,GA,2024-05-08 18:49:04
865,Christy,Robinson,ehansen@example.com,Audreyfort,KS,2022-12-06 20:02:16
866,Elizabeth,Miller,brian19@example.net,South Kevinberg,NE,2024-07-21 16:15:51
867,Tiffany,Howe,yangblake@example.net,Coreyborough,GU,2023-06-10 03:09:42
868,William,Jones,colekimberly@example.org,Williammouth,KS,2024-02-21 15:32:02
869,Amanda,Ford,david05@example.com,Hollowayhaven,IN,2024-08-04 05:04:32
870,Cheryl,Villegas,nicolegomez@example.com,Port Christopherstad,OK,2023-08-22 20:40:44
871,Megan,Hanson,lauraperez@example.com,Ericville,SC,2024-03-20 01:23:49
872,Kylie,Hester,scottmorris@example.net,South Petertown,MP,2023-09-19 19:47:25
873,Brittney,Curry,bakerkaren@example.com,Berryside,CT,2024-01-20 17:42:04
874,James,Mcdonald,williamsrobert@example.org,Jenniferhaven,VI,2024-05-31 18:58:42
875,Daniel,Evans,jasonmann@example.net,Amyshire,CT,2023-11-08 01:18:59
876,Jessica,Russell,steven67@example.net,Obrienton,NM,2024-08-12 10:21:04
877,Austin,Christian,kelseycabrera@example.org,Lake Hayleyview,AR,2023-09-07 16:30:50
878,Michael,Simmons,alan41@example.net,East Kristin,AZ,2024-03-10 21:08:24
879,Thomas,Lawson,james17@example.com,East Natalieland,WY,2022-08-29 05:03:24
879,Thomas,Lawson,james17@example.com,Carterville,NM,2025-01-21 06:26:53
880,John,Dudley,stewartbrittany@example.org,Janetbury,ME,2022-11-08 16:17:53
881,Cindy,Elliott,znewton@example.org,North Phillipton,OH,2022-11-07 00:25:22
882,Keith,Scott,dannybailey@example.com,South Geraldmouth,PR,2022-10-03 16:07:50
883,William,Cohen,joycejordan@example.org,Blackwellberg,SD,2024-07-11 22:19:12
884,Michael,Richardson,joshua85@example.com,Clarkfort,TN,2024-03-04 07:10:13
885,Christopher,Everett,lball@example.com,Morrischester,IN,2024-04-27 06:59:56
886,Sabrina,Zhang,sandersjasmine@example.net,Briannaside,AZ,2024-04-25 00:33:32
887,Zachary,Pittman,jillsantana@example.net,Vazquezton,LA,2023-03-13 10:28:12
888,James,Price,katherinehughes@example.net,New Jamie,MO,2023-10-29 15:42:04
889,Katie,Beasley,smithdaniel@example.net,Hendersonburgh,MA,2024-04-01 11:13:07
890,Alexandra,Taylor,howardrandy@example.net,Gonzalezmouth,WY,2023-12-02 19:59:14
891,Kathryn,Stevens,uellis@example.net,Haydenbury,SD,2023-07-16 05:36:49
892,Sara,Rodriguez,ann94@example.com,Schwartzside,NY,2024-07-22 23:31:14
893,Spencer,Wiggins,jjackson@example.com,North Jennifer,VT,2023-09-26 01:05:42
894,Marcus,Christensen,crawfordelizabeth@example.net,Kristyborough,ID,2023-01-23 08:33:47
894,Marcus,Christensen,crawfordelizabeth@example.net,West Pamelafort,CT,2024-12-21 09:19:25
895,Jane,Graham,wanda48@example.org,Monicabury,IN,2024-08-09 15:47:53
896,Brian,Evans,nicole24@example.com,South Allisonburgh,WI,2022-12-05 02:23:57
897,Melissa,Cunningham,george05@example.org,Mcdowellbury,VA,2023-08-17 20:50:42
898,Melissa,Green,benjamin15@example.org,East Denisechester,RI,2024-06-11 06:07:35
899,Leah,Johnson,sandychen@example.org,East Michael,IA,2024-01-12 23:13:36
900,Andres,Santos,khoward@example.net,Jacobton,AK,2022-12-01 15:00:25
901,Melissa,Collins,frazierjordan@example.net,West Crystal,SD,2023-10-21 06:33:20
902,Kenneth,Anderson,jennifer16@example.com,Vargasview,DE,2023-03-19 01:24:38
903,Anthony,Reynolds,morganveronica@example.net,Atkinsport,KS,2023-05-20 14:50:58
904,Leah,Cummings,robertwallace@example.com,East Edwardmouth,HI,2023-08-01 13:05:43
905,Robert,Harrison,jsmith@example.com,North Julia,AR,2023-01-28 19:10:09
906,Pamela,Johns,barrydunn@example.com,Elijahchester,FM,2022-12-08 12:43:09
907,Michael,Lane,klopez@example.net,New Matthew,IA,2024-04-25 22:11:20
908,Brittany,Russell,pgarcia@example.net,New Austin,NY,2022-11-12 12:18:14
909,David,Carter,burketyler@example.org,Matthewshire,NM,2023-11-15 09:09:15
910,Justin,Perez,moodymary@example.org,New Kevinview,NY,2023-12-10 12:52:02
911,Matthew,Kaiser,daniel19@example.com,Port Ashley,TN,2023-07-20 10:09:02
912,Anna,Clark,collinswayne@example.org,Lake Michele,NH,2022-09-01 15:35:45
913,Rachel,Johnson,gloriaatkins@example.net,Rebeccaview,TX,2023-12-15 04:14:07
914,Amber,Brown,ellisbryan@example.com,East Laura,IL,2024-04-24 14:52:10
915,Kenneth,Poole,ronald52@example.org,Westville,NC,2024-02-16 14:48:15
916,Maria,Frey,swalton@example.org,Port Jennifer,OH,2022-12-16 16:28:08
917,Karen,Luna,beth73@example.net,Scottview,MN,2023-02-13 00:15:28
918,Christine,Garcia,jjackson@example.net,Derekshire,WA,2023-10-27 23:40:06
919,Jenna,Chandler,paynenancy@example.net,Mooreshire,TN,2024-01-19 06:24:52
920,Wayne,Myers,khernandez@example.net,Juliemouth,ND,2023-03-30 18:44:08
921,Jennifer,Shaw,ruth30@example.org,Markton,NC,2023-12-24 12:54:07
922,Tracey,Gray,perkinsdaniel@example.org,Huberville,OK,2023-03-23 00:52:54
923,Jonathan,Edwards,robert29@example.com,South Elizabeth,NJ,2023-08-21 10:44:40
924,Zoe,Phillips,ekim@example.net,Greenburgh,KY,2024-04-23 16:20:01
925,Donald,Anderson,colemary@example.org,Meyershire,DC,2023-01-23 16:13:47
926,Lisa,Conley,sarahjackson@example.com,Riggschester,DC,2023-05-28 19:54:07
926,Lisa,Conley,sarahjackson@example.com,Lake Timothyland,VI,2024-11-08 15:15:46
927,John,Brown,alexa27@example.net,Robinsonmouth,ME,2022-09-10 12:30:47
928,David,Grant,deborah25@example.org,East Kristine,WA,2023-08-07 09:23:27
929,Jerry,Williams,regina69@example.org,Selenafurt,MO,2022-10-20 07:33:29
930,Sydney,Duke,morascott@example.com,Lake Michael,NE,2023-04-06 06:16:11
931,Whitney,Roy,cbernard@example.com,Schultzport,NC,2024-05-30 14:03:22
932,Faith,Lopez,adriana74@example.org,Larrymouth,NH,2024-02-14 05:01:53
933,Ricky,Reyes,nnguyen@example.com,Port Johnhaven,TX,2022-10-16 14:13:43
934,Jennifer,Rowe,jennifer54@example.com,North Mathewfort,NE,2022-09-21 09:30:54
935,Danny,Morris,rsimmons@example.com,North Margaret,MP,2023-10-07 20:44:32
936,Linda,Harrington,ehorton@example.org,Saraberg,KY,2024-06-05 08:19:43
937,James,Smith,fhicks@example.org,Lambertville,NJ,2023-01-11 03:46:18
938,Kyle,Stark,barrettjonathan@example.net,North Anna,OR,2023-03-22 10:20:47
939,Craig,Williams,olewis@example.com,North Renee,IA,2023-06-29 04:42:56
940,Benjamin,Hall,jacksondiane@example.org,South Diane,NV,2024-05-23 16:38:28
941,Cynthia,Holt,sue74@example.com,Lake Matthewmouth,WA,2022-10-30 22:43:24
942,Jerry,Hunter,robert69@example.net,Lucasside,LA,2023-10-01 21:24:52
943,Courtney,Morrison,santanaamy@example.com,Perkinsmouth,IL,2022-12-28 12:30:19
944,Paul,May,maryperkins@example.org,New Jeffrey,CO,2023-10-02 01:55:28
945,Madison,Wilson,jonguerra@example.com,Juliaberg,OK,2024-05-02 09:45:52
946,Kimberly,Peck,kathrynpearson@example.net,Kellyberg,TN,2023-06-04 17:29:11
947,Gregory,Vega,austinlane@example.net,West Elizabeth,TN,2023-12-05 19:52:51
948,Jeff,Cobb,michaellittle@example.net,Port Michaelmouth,DE,2022-12-09 10:59:42
949,Diane,Meyer,tiffanymitchell@example.net,West Melissa,MI,2023-09-28 00:26:12
950,Natasha,Wiley,kathryn00@example.net,Carlosville,FL,2024-07-13 05:58:05
951,Mary,Turner,jack35@example.org,East Brianhaven,CA,2023-07-09 20:23:24
952,Terrance,Wade,cchen@example.org,Floresport,MA,2024-06-23 12:45:35
953,Melissa,Fowler,xpaul@example.net,Andreamouth,WA,2022-10-16 03:48:48
954,Carmen,Jones,kmccullough@example.net,South Jason,MT,2022-12-06 18:47:17
955,Mike,Medina,william99@example.net,Isaiahstad,WI,2023-07-09 13:54:57
956,Linda,Mcclure,imurphy@example.org,West Scottborough,SD,2022-11-11 10:55:15
957,Corey,Powell,slewis@example.net,Davischester,MO,2023-04-14 13:29:03
958,Kimberly,Phelps,hannah37@example.com,East Katrina,MN,2023-06-09 03:51:16
959,Dana,Bauer,alvaradocatherine@example.net,North Jamesshire,OH,2022-09-19 14:47:40
960,David,Salas,blanchardcalvin@example.com,West Heatherfort,VA,2023-12-01 22:31:50
961,Mikayla,Howard,javery@example.org,Seanberg,OH,2023-08-12 05:25:38
962,Kristine,Brown,arroyosamantha@example.com,Richardberg,TX,2023-09-10 05:43:42
963,Antonio,Perry,jacobphillips@example.net,New Cathyborough,NE,2024-05-17 00:15:17
964,Tracey,Clayton,xwilliams@example.com,Julieburgh,MT,2023-07-07 05:23:05
965,Adam,Brewer,jessica77@example.org,Albertville,RI,2023-02-14 22:23:11
966,Philip,Robinson,ahart@example.com,East David,VA,2023-12-09 23:19:23
967,Angelica,Kelley,jackiehill@example.net,Crystalmouth,OR,2024-04-29 22:19:19
968,Stacy,Thompson,daniellevelasquez@example.com,Lake Aprilside,ND,2024-08-16 04:20:20
969,Timothy,Cook,wendybradshaw@example.net,West Ronald,PA,2024-05-31 04:56:57
970,Tricia,Garcia,brittany21@example.org,East Wendy,GU,2022-11-03 15:16:05
971,Rachel,Dougherty,larryjohnson@example.com,Lake David,SC,2022-12-24 14:51:50
972,Dawn,Gilbert,lucasyoung@example.net,Johnathanland,RI,2023-12-10 23:28:58
973,Laura,Walker,autumnvance@example.net,Berryton,MS,2023-08-03 20:38:38
974,Sarah,Houston,sanchezjessica@example.com,Colonberg,AS,2024-02-03 01:49:13
974,Sarah,Houston,sanchezjessica@example.com,Anthonyfurt,NM,2025-03-14 02:37:42
975,Ronald,Johnson,jensenmichael@example.net,Derekborough,OH,2022-09-10 15:12:34
976,Sherry,Medina,amber54@example.org,Stephenchester,MO,2023-07-09 01:56:49
977,Todd,Miller,wongmichelle@example.com,Jacquelineton,OH,2023-08-24 05:54:14
978,Steven,Trujillo,oflores@example.org,South Debra,TN,2023-11-04 02:42:43
979,Cody,Gutierrez,chapmanamber@example.org,Mayshire,WI,2023-02-06 23:27:15
980,David,Lawrence,phillip98@example.com,New Nicolefort,NV,2023-05-25 01:05:06
981,Kenneth,Jenkins,shill@example.org,Lake Danielside,AL,2024-01-05 08:20:03
982,Brandi,Miller,tamara27@example.com,Huangville,OR,2023-08-02 17:25:53
983,Jessica,Salazar,karafry@example.net,West Nicolestad,KY,2023-10-31 03:04:33
984,Howard,White,qmartin@example.net,Lake Kent,ID,2023-10-14 03:51:57
985,Shane,Perry,emily27@example.com,Thomasport,SC,2023-04-26 06:46:47
986,Charles,Boyle,travismartha@example.net,West Teresa,ME,2023-09-11 06:50:02
987,Michelle,Parker,anthonykennedy@example.net,Hudsonland,OK,2023-12-20 11:41:00
988,Cory,Mitchell,hendricksperry@example.com,Sethport,MN,2024-01-10 01:15:48
989,Jennifer,Mcintyre,carla49@example.com,Lisafort,MS,2024-05-02 18:56:06
990,Ashley,Sparks,odawson@example.com,East Nicholas,MS,2023-01-08 05:41:57
991,Jody,Sullivan,hahnkelly@example.net,Nancymouth,MS,2022-12-21 20:40:00
992,Gabrielle,Travis,combstimothy@example.com,Jacquelineshire,MA,2023-08-13 10:32:46
993,Michael,Brewer,westkevin@example.org,Richardshire,MD,2022-09-18 14:57:27
994,Kristen,Wright,michellebest@example.net,West Andrewport,ME,2023-02-06 01:30:02
995,David,Hughes,carrillojerome@example.com,South Andreaville,MI,2023-12-11 23:22:02
996,Gina,Miller,nicole20@example.com,Leeview,CA,2023-04-23 08:53:05
997,Dustin,Myers,kellywilliams@example.net,Thompsonville,VI,2023-11-13 13:27:49
998,Joshua,Parks,linda95@example.org,East Paul,MI,2023-09-29 02:01:28
999,Robert,Dixon,wroberts@example.com,South Joseph,OR,2023-09-26 16:17:51
1000,Martin,Long,bbrooks@example.com,East Jason,WI,2022-12-23 02:02:31
